mode: set
eregen.dev/admin-api/internal/middleware/auth.go:28.84,30.2 1 1
eregen.dev/admin-api/internal/middleware/auth.go:32.53,33.30 1 1
eregen.dev/admin-api/internal/middleware/auth.go:33.30,35.23 2 1
eregen.dev/admin-api/internal/middleware/auth.go:35.23,38.4 2 1
eregen.dev/admin-api/internal/middleware/auth.go:40.3,41.63 2 1
eregen.dev/admin-api/internal/middleware/auth.go:41.63,44.4 2 0
eregen.dev/admin-api/internal/middleware/auth.go:46.3,48.17 3 1
eregen.dev/admin-api/internal/middleware/auth.go:48.17,52.4 3 1
eregen.dev/admin-api/internal/middleware/auth.go:55.3,55.29 1 1
eregen.dev/admin-api/internal/middleware/auth.go:55.29,57.4 1 0
eregen.dev/admin-api/internal/middleware/auth.go:59.3,62.114 3 1
eregen.dev/admin-api/internal/middleware/auth.go:62.114,64.4 1 1
eregen.dev/admin-api/internal/middleware/auth.go:66.3,66.11 1 1
eregen.dev/admin-api/internal/middleware/auth.go:70.50,71.30 1 0
eregen.dev/admin-api/internal/middleware/auth.go:71.30,73.14 2 0
eregen.dev/admin-api/internal/middleware/auth.go:73.14,76.4 2 0
eregen.dev/admin-api/internal/middleware/auth.go:77.3,77.11 1 0
eregen.dev/admin-api/internal/middleware/auth.go:81.64,91.9 3 0
eregen.dev/admin-api/internal/middleware/auth.go:91.9,92.31 1 0
eregen.dev/admin-api/internal/middleware/auth.go:92.31,92.43 1 0
eregen.dev/admin-api/internal/middleware/auth.go:95.2,95.30 1 0
eregen.dev/admin-api/internal/middleware/auth.go:95.30,97.14 2 0
eregen.dev/admin-api/internal/middleware/auth.go:97.14,100.4 2 0
eregen.dev/admin-api/internal/middleware/auth.go:101.3,102.10 2 0
eregen.dev/admin-api/internal/middleware/auth.go:102.10,106.4 3 0
eregen.dev/admin-api/internal/middleware/auth.go:108.3,109.34 2 0
eregen.dev/admin-api/internal/middleware/auth.go:109.34,113.4 3 0
eregen.dev/admin-api/internal/middleware/auth.go:115.3,115.11 1 0
eregen.dev/admin-api/internal/middleware/auth.go:119.69,121.2 1 0
eregen.dev/admin-api/internal/middleware/auth.go:134.63,135.30 1 1
eregen.dev/admin-api/internal/middleware/auth.go:135.30,137.14 2 1
eregen.dev/admin-api/internal/middleware/auth.go:137.14,140.4 2 0
eregen.dev/admin-api/internal/middleware/auth.go:141.3,142.10 2 1
eregen.dev/admin-api/internal/middleware/auth.go:142.10,145.4 2 0
eregen.dev/admin-api/internal/middleware/auth.go:146.3,147.10 2 1
eregen.dev/admin-api/internal/middleware/auth.go:147.10,150.4 2 1
eregen.dev/admin-api/internal/middleware/auth.go:151.3,152.29 2 1
eregen.dev/admin-api/internal/middleware/auth.go:152.29,153.18 1 1
eregen.dev/admin-api/internal/middleware/auth.go:153.18,155.10 2 1
eregen.dev/admin-api/internal/middleware/auth.go:158.3,158.17 1 1
eregen.dev/admin-api/internal/middleware/auth.go:158.17,162.4 3 1
eregen.dev/admin-api/internal/middleware/auth.go:163.3,163.11 1 1
eregen.dev/admin-api/internal/middleware/ratelimit.go:22.55,33.2 4 0
eregen.dev/admin-api/internal/middleware/ratelimit.go:35.57,36.30 1 0
eregen.dev/admin-api/internal/middleware/ratelimit.go:36.30,39.41 3 0
eregen.dev/admin-api/internal/middleware/ratelimit.go:39.41,41.4 1 0
eregen.dev/admin-api/internal/middleware/ratelimit.go:42.3,58.17 12 0
eregen.dev/admin-api/internal/middleware/ratelimit.go:58.17,62.4 3 0
eregen.dev/admin-api/internal/middleware/ratelimit.go:63.3,63.23 1 0
eregen.dev/admin-api/internal/middleware/ratelimit.go:63.23,67.4 3 0
eregen.dev/admin-api/internal/middleware/ratelimit.go:68.3,68.11 1 0
eregen.dev/admin-api/internal/middleware/ratelimit.go:72.42,73.34 1 0
eregen.dev/admin-api/internal/middleware/ratelimit.go:73.34,75.3 1 0
eregen.dev/admin-api/internal/middleware/ratelimit.go:76.2,76.17 1 0
eregen.dev/admin-api/internal/service/audit.go:40.69,45.2 1 0
eregen.dev/admin-api/internal/service/audit.go:48.180,61.59 2 0
eregen.dev/admin-api/internal/service/audit.go:61.59,63.3 1 0
eregen.dev/admin-api/internal/service/audit.go:65.2,70.3 1 0
eregen.dev/admin-api/internal/service/audit.go:74.62,75.31 1 0
eregen.dev/admin-api/internal/service/audit.go:75.31,77.3 1 0
eregen.dev/admin-api/internal/service/audit.go:78.2,79.16 2 0
eregen.dev/admin-api/internal/service/audit.go:79.16,82.3 2 0
eregen.dev/admin-api/internal/service/audit.go:83.2,83.16 1 0
eregen.dev/admin-api/internal/service/audit.go:87.83,88.31 1 0
eregen.dev/admin-api/internal/service/audit.go:88.31,90.3 1 0
eregen.dev/admin-api/internal/service/audit.go:91.2,92.16 2 0
eregen.dev/admin-api/internal/service/audit.go:92.16,95.3 2 0
eregen.dev/admin-api/internal/service/audit.go:96.2,96.16 1 0
eregen.dev/admin-api/internal/service/audit.go:100.90,101.31 1 0
eregen.dev/admin-api/internal/service/audit.go:101.31,103.3 1 0
eregen.dev/admin-api/internal/service/audit.go:104.2,105.16 2 0
eregen.dev/admin-api/internal/service/audit.go:105.16,108.3 2 0
eregen.dev/admin-api/internal/service/audit.go:109.2,109.16 1 0
eregen.dev/admin-api/internal/service/minzheng_import.go:27.77,31.16 4 0
eregen.dev/admin-api/internal/service/minzheng_import.go:31.16,33.3 1 0
eregen.dev/admin-api/internal/service/minzheng_import.go:34.2,34.22 1 0
eregen.dev/admin-api/internal/service/minzheng_import.go:34.22,36.3 1 0
eregen.dev/admin-api/internal/service/minzheng_import.go:37.2,39.37 3 0
eregen.dev/admin-api/internal/service/minzheng_import.go:39.37,40.34 1 0
eregen.dev/admin-api/internal/service/minzheng_import.go:40.34,41.12 1 0
eregen.dev/admin-api/internal/service/minzheng_import.go:43.3,44.29 2 0
eregen.dev/admin-api/internal/service/minzheng_import.go:44.29,46.4 1 0
eregen.dev/admin-api/internal/service/minzheng_import.go:47.3,47.27 1 0
eregen.dev/admin-api/internal/service/minzheng_import.go:49.2,49.18 1 0
eregen.dev/admin-api/internal/service/minzheng_import.go:52.67,54.33 2 0
eregen.dev/admin-api/internal/service/minzheng_import.go:54.33,55.23 1 0
eregen.dev/admin-api/internal/service/minzheng_import.go:55.23,57.4 1 0
eregen.dev/admin-api/internal/service/minzheng_import.go:59.2,59.12 1 0
eregen.dev/admin-api/internal/service/minzheng_import.go:62.84,64.42 2 0
eregen.dev/admin-api/internal/service/minzheng_import.go:65.18,66.13 1 0
eregen.dev/admin-api/internal/service/minzheng_import.go:67.18,68.13 1 0
eregen.dev/admin-api/internal/service/minzheng_import.go:69.10,70.13 1 0
eregen.dev/admin-api/internal/service/minzheng_import.go:72.2,73.30 2 0
eregen.dev/admin-api/internal/service/minzheng_import.go:73.30,75.3 1 0
eregen.dev/admin-api/internal/service/minzheng_import.go:76.2,77.44 2 0
eregen.dev/admin-api/internal/service/minzheng_import.go:77.44,79.3 1 0
eregen.dev/admin-api/internal/service/minzheng_import.go:80.2,81.39 2 0
eregen.dev/admin-api/internal/service/minzheng_import.go:81.39,83.3 1 0
eregen.dev/admin-api/internal/service/minzheng_import.go:84.2,95.3 1 0
eregen.dev/admin-api/internal/service/minzheng_import.go:103.82,105.2 1 0
eregen.dev/admin-api/internal/service/minzheng_import.go:107.72,109.2 1 0
eregen.dev/admin-api/internal/service/minzheng_import.go:111.89,113.2 1 0
eregen.dev/admin-api/internal/service/rule_engine.go:20.64,22.2 1 0
eregen.dev/admin-api/internal/service/rule_engine.go:25.28,29.21 4 0
eregen.dev/admin-api/internal/service/rule_engine.go:29.21,47.3 17 0
eregen.dev/admin-api/internal/service/rule_engine.go:51.38,53.16 2 0
eregen.dev/admin-api/internal/service/rule_engine.go:53.16,56.3 2 0
eregen.dev/admin-api/internal/service/rule_engine.go:57.2,58.16 2 0
eregen.dev/admin-api/internal/service/rule_engine.go:58.16,61.3 2 0
eregen.dev/admin-api/internal/service/rule_engine.go:62.2,63.34 2 0
eregen.dev/admin-api/internal/service/rule_engine.go:63.34,64.38 1 0
eregen.dev/admin-api/internal/service/rule_engine.go:64.38,66.4 1 0
eregen.dev/admin-api/internal/service/rule_engine.go:68.2,68.29 1 0
eregen.dev/admin-api/internal/service/rule_engine.go:68.29,69.21 1 0
eregen.dev/admin-api/internal/service/rule_engine.go:69.21,70.12 1 0
eregen.dev/admin-api/internal/service/rule_engine.go:72.3,82.84 3 0
eregen.dev/admin-api/internal/service/rule_engine.go:87.44,89.16 2 0
eregen.dev/admin-api/internal/service/rule_engine.go:89.16,92.3 2 0
eregen.dev/admin-api/internal/service/rule_engine.go:93.2,93.27 1 0
eregen.dev/admin-api/internal/service/rule_engine.go:93.27,94.46 1 0
eregen.dev/admin-api/internal/service/rule_engine.go:94.46,103.4 2 0
eregen.dev/admin-api/internal/service/rule_engine.go:108.43,110.16 2 0
eregen.dev/admin-api/internal/service/rule_engine.go:110.16,113.3 2 0
eregen.dev/admin-api/internal/service/rule_engine.go:114.2,114.29 1 0
eregen.dev/admin-api/internal/service/rule_engine.go:114.29,116.51 2 0
eregen.dev/admin-api/internal/service/rule_engine.go:116.51,126.4 3 0
eregen.dev/admin-api/internal/service/rule_engine.go:131.42,137.16 6 0
eregen.dev/admin-api/internal/service/rule_engine.go:137.16,140.3 2 0
eregen.dev/admin-api/internal/service/rule_engine.go:141.2,141.29 1 0
eregen.dev/admin-api/internal/service/rule_engine.go:141.29,143.17 2 0
eregen.dev/admin-api/internal/service/rule_engine.go:143.17,144.12 1 0
eregen.dev/admin-api/internal/service/rule_engine.go:146.3,147.32 2 0
eregen.dev/admin-api/internal/service/rule_engine.go:147.32,149.24 2 0
eregen.dev/admin-api/internal/service/rule_engine.go:149.24,151.5 1 0
eregen.dev/admin-api/internal/service/rule_engine.go:152.4,152.28 1 0
eregen.dev/admin-api/internal/service/rule_engine.go:152.28,154.5 1 0
eregen.dev/admin-api/internal/service/rule_engine.go:156.3,156.66 1 0
eregen.dev/admin-api/internal/service/rule_engine.go:156.66,166.4 3 0
eregen.dev/admin-api/internal/service/rule_engine.go:171.47,174.16 3 0
eregen.dev/admin-api/internal/service/rule_engine.go:174.16,177.3 2 0
eregen.dev/admin-api/internal/service/rule_engine.go:178.2,179.16 2 0
eregen.dev/admin-api/internal/service/rule_engine.go:179.16,182.3 2 0
eregen.dev/admin-api/internal/service/rule_engine.go:184.2,186.34 3 0
eregen.dev/admin-api/internal/service/rule_engine.go:186.34,187.80 1 0
eregen.dev/admin-api/internal/service/rule_engine.go:187.80,189.4 1 0
eregen.dev/admin-api/internal/service/rule_engine.go:191.2,191.29 1 0
eregen.dev/admin-api/internal/service/rule_engine.go:191.29,193.17 2 0
eregen.dev/admin-api/internal/service/rule_engine.go:193.17,194.12 1 0
eregen.dev/admin-api/internal/service/rule_engine.go:196.3,196.42 1 0
eregen.dev/admin-api/internal/service/rule_engine.go:196.42,206.4 3 0
eregen.dev/admin-api/internal/service/rule_engine.go:211.46,214.16 3 0
eregen.dev/admin-api/internal/service/rule_engine.go:214.16,217.3 2 0
eregen.dev/admin-api/internal/service/rule_engine.go:218.2,219.29 2 0
eregen.dev/admin-api/internal/service/rule_engine.go:219.29,221.51 2 0
eregen.dev/admin-api/internal/service/rule_engine.go:221.51,222.12 1 0
eregen.dev/admin-api/internal/service/rule_engine.go:224.3,225.46 2 0
eregen.dev/admin-api/internal/service/rule_engine.go:225.46,226.62 1 0
eregen.dev/admin-api/internal/service/rule_engine.go:226.62,227.97 1 0
eregen.dev/admin-api/internal/service/rule_engine.go:227.97,229.6 1 0
eregen.dev/admin-api/internal/service/rule_engine.go:232.3,232.24 1 0
eregen.dev/admin-api/internal/service/rule_engine.go:232.24,242.4 3 0
eregen.dev/admin-api/internal/service/rule_engine.go:247.46,251.16 4 0
eregen.dev/admin-api/internal/service/rule_engine.go:251.16,254.3 2 0
eregen.dev/admin-api/internal/service/rule_engine.go:255.2,256.28 2 0
eregen.dev/admin-api/internal/service/rule_engine.go:256.28,257.27 1 0
eregen.dev/admin-api/internal/service/rule_engine.go:257.27,258.12 1 0
eregen.dev/admin-api/internal/service/rule_engine.go:260.3,261.46 2 0
eregen.dev/admin-api/internal/service/rule_engine.go:261.46,265.4 1 0
eregen.dev/admin-api/internal/service/rule_engine.go:270.45,273.16 3 0
eregen.dev/admin-api/internal/service/rule_engine.go:273.16,276.3 2 0
eregen.dev/admin-api/internal/service/rule_engine.go:277.2,278.29 2 0
eregen.dev/admin-api/internal/service/rule_engine.go:278.29,279.67 1 0
eregen.dev/admin-api/internal/service/rule_engine.go:279.67,292.4 3 0
eregen.dev/admin-api/internal/service/rule_engine.go:297.48,300.16 3 0
eregen.dev/admin-api/internal/service/rule_engine.go:300.16,303.3 2 0
eregen.dev/admin-api/internal/service/rule_engine.go:304.2,305.31 2 0
eregen.dev/admin-api/internal/service/rule_engine.go:305.31,307.17 2 0
eregen.dev/admin-api/internal/service/rule_engine.go:307.17,308.12 1 0
eregen.dev/admin-api/internal/service/rule_engine.go:311.3,312.29 2 0
eregen.dev/admin-api/internal/service/rule_engine.go:312.29,314.4 1 0
eregen.dev/admin-api/internal/service/rule_engine.go:315.3,315.25 1 0
eregen.dev/admin-api/internal/service/rule_engine.go:315.25,319.4 1 0
eregen.dev/admin-api/internal/service/rule_engine.go:324.55,328.16 3 0
eregen.dev/admin-api/internal/service/rule_engine.go:328.16,331.3 2 0
eregen.dev/admin-api/internal/service/rule_engine.go:332.2,333.31 2 0
eregen.dev/admin-api/internal/service/rule_engine.go:333.31,335.17 2 0
eregen.dev/admin-api/internal/service/rule_engine.go:335.17,336.12 1 0
eregen.dev/admin-api/internal/service/rule_engine.go:338.3,338.24 1 0
eregen.dev/admin-api/internal/service/rule_engine.go:338.24,339.12 1 0
eregen.dev/admin-api/internal/service/rule_engine.go:342.3,343.29 2 0
eregen.dev/admin-api/internal/service/rule_engine.go:343.29,345.4 1 0
eregen.dev/admin-api/internal/service/rule_engine.go:346.3,346.27 1 0
eregen.dev/admin-api/internal/service/rule_engine.go:346.27,350.4 1 0
eregen.dev/admin-api/internal/service/rule_engine.go:355.52,359.16 4 0
eregen.dev/admin-api/internal/service/rule_engine.go:359.16,362.3 2 0
eregen.dev/admin-api/internal/service/rule_engine.go:363.2,363.31 1 0
eregen.dev/admin-api/internal/service/rule_engine.go:363.31,365.17 2 0
eregen.dev/admin-api/internal/service/rule_engine.go:365.17,366.12 1 0
eregen.dev/admin-api/internal/service/rule_engine.go:368.3,369.17 2 0
eregen.dev/admin-api/internal/service/rule_engine.go:369.17,371.4 1 0
eregen.dev/admin-api/internal/service/rule_engine.go:372.3,375.29 4 0
eregen.dev/admin-api/internal/service/rule_engine.go:375.29,376.40 1 0
eregen.dev/admin-api/internal/service/rule_engine.go:376.40,378.5 1 0
eregen.dev/admin-api/internal/service/rule_engine.go:380.3,380.34 1 0
eregen.dev/admin-api/internal/service/rule_engine.go:380.34,381.42 1 0
eregen.dev/admin-api/internal/service/rule_engine.go:381.42,383.5 1 0
eregen.dev/admin-api/internal/service/rule_engine.go:385.3,385.23 1 0
eregen.dev/admin-api/internal/service/rule_engine.go:385.23,389.4 1 0
eregen.dev/admin-api/internal/service/rule_engine.go:394.45,398.16 4 0
eregen.dev/admin-api/internal/service/rule_engine.go:398.16,401.3 2 0
eregen.dev/admin-api/internal/service/rule_engine.go:402.2,402.31 1 0
eregen.dev/admin-api/internal/service/rule_engine.go:402.31,404.17 2 0
eregen.dev/admin-api/internal/service/rule_engine.go:404.17,405.12 1 0
eregen.dev/admin-api/internal/service/rule_engine.go:407.3,407.24 1 0
eregen.dev/admin-api/internal/service/rule_engine.go:407.24,411.12 2 0
eregen.dev/admin-api/internal/service/rule_engine.go:414.3,415.39 2 0
eregen.dev/admin-api/internal/service/rule_engine.go:415.39,419.4 1 0
eregen.dev/admin-api/internal/service/rule_engine.go:424.52,427.16 3 0
eregen.dev/admin-api/internal/service/rule_engine.go:427.16,430.3 2 0
eregen.dev/admin-api/internal/service/rule_engine.go:431.2,431.31 1 0
eregen.dev/admin-api/internal/service/rule_engine.go:431.31,433.42 2 0
eregen.dev/admin-api/internal/service/rule_engine.go:433.42,434.12 1 0
eregen.dev/admin-api/internal/service/rule_engine.go:436.3,436.35 1 0
eregen.dev/admin-api/internal/service/rule_engine.go:436.35,438.18 2 0
eregen.dev/admin-api/internal/service/rule_engine.go:438.18,439.13 1 0
eregen.dev/admin-api/internal/service/rule_engine.go:441.4,441.33 1 0
eregen.dev/admin-api/internal/service/rule_engine.go:441.33,442.58 1 0
eregen.dev/admin-api/internal/service/rule_engine.go:442.58,447.6 1 0
eregen.dev/admin-api/internal/service/rule_engine.go:454.52,457.16 3 0
eregen.dev/admin-api/internal/service/rule_engine.go:457.16,460.3 2 0
eregen.dev/admin-api/internal/service/rule_engine.go:461.2,461.33 1 0
eregen.dev/admin-api/internal/service/rule_engine.go:461.33,463.17 2 0
eregen.dev/admin-api/internal/service/rule_engine.go:463.17,464.12 1 0
eregen.dev/admin-api/internal/service/rule_engine.go:466.3,467.32 2 0
eregen.dev/admin-api/internal/service/rule_engine.go:467.32,469.18 2 0
eregen.dev/admin-api/internal/service/rule_engine.go:469.18,470.13 1 0
eregen.dev/admin-api/internal/service/rule_engine.go:472.4,472.35 1 0
eregen.dev/admin-api/internal/service/rule_engine.go:472.35,473.34 1 0
eregen.dev/admin-api/internal/service/rule_engine.go:473.34,474.32 1 0
eregen.dev/admin-api/internal/service/rule_engine.go:474.32,476.7 1 0
eregen.dev/admin-api/internal/service/rule_engine.go:480.3,480.27 1 0
eregen.dev/admin-api/internal/service/rule_engine.go:480.27,484.4 1 0
eregen.dev/admin-api/internal/service/rule_engine.go:489.53,492.16 3 0
eregen.dev/admin-api/internal/service/rule_engine.go:492.16,495.3 2 0
eregen.dev/admin-api/internal/service/rule_engine.go:496.2,497.31 2 0
eregen.dev/admin-api/internal/service/rule_engine.go:497.31,499.17 2 0
eregen.dev/admin-api/internal/service/rule_engine.go:499.17,500.12 1 0
eregen.dev/admin-api/internal/service/rule_engine.go:502.3,502.35 1 0
eregen.dev/admin-api/internal/service/rule_engine.go:502.35,503.48 1 0
eregen.dev/admin-api/internal/service/rule_engine.go:503.48,508.5 1 0
eregen.dev/admin-api/internal/service/rule_engine.go:514.44,517.16 3 0
eregen.dev/admin-api/internal/service/rule_engine.go:517.16,520.3 2 0
eregen.dev/admin-api/internal/service/rule_engine.go:521.2,521.31 1 0
eregen.dev/admin-api/internal/service/rule_engine.go:521.31,526.3 1 0
eregen.dev/admin-api/internal/service/rule_engine.go:532.76,539.2 6 1
eregen.dev/admin-api/internal/service/rule_engine.go:542.113,544.2 1 1
eregen.dev/admin-api/internal/service/rule_engine.go:547.138,550.30 3 0
eregen.dev/admin-api/internal/service/rule_engine.go:550.30,552.3 1 0
eregen.dev/admin-api/internal/service/rule_engine.go:553.2,553.55 1 0
eregen.dev/admin-api/internal/service/rule_engine.go:559.97,561.25 2 1
eregen.dev/admin-api/internal/service/rule_engine.go:561.25,567.3 1 1
eregen.dev/admin-api/internal/service/rule_engine.go:568.2,568.15 1 1
eregen.dev/admin-api/internal/service/rule_engine.go:571.95,573.29 2 1
eregen.dev/admin-api/internal/service/rule_engine.go:573.29,580.3 1 1
eregen.dev/admin-api/internal/service/rule_engine.go:581.2,581.15 1 1
eregen.dev/admin-api/cmd/main.go:22.13,28.26 5 0
eregen.dev/admin-api/cmd/main.go:29.18,31.33 2 0
eregen.dev/admin-api/cmd/main.go:32.10,34.17 2 0
eregen.dev/admin-api/cmd/main.go:34.17,36.4 1 0
eregen.dev/admin-api/cmd/main.go:37.3,37.31 1 0
eregen.dev/admin-api/cmd/main.go:39.2,42.41 2 0
eregen.dev/admin-api/cmd/main.go:42.41,44.3 1 0
eregen.dev/admin-api/cmd/main.go:46.2,59.12 5 0
eregen.dev/admin-api/cmd/main.go:59.12,61.77 2 0
eregen.dev/admin-api/cmd/main.go:61.77,63.4 1 0
eregen.dev/admin-api/cmd/main.go:66.2,73.42 7 0
eregen.dev/admin-api/cmd/main.go:73.42,75.3 1 0
eregen.dev/admin-api/cmd/main.go:76.2,76.30 1 0
eregen.dev/admin-api/cmd/main.go:81.37,85.16 3 0
eregen.dev/admin-api/cmd/main.go:85.16,87.3 1 0
eregen.dev/admin-api/cmd/main.go:88.2,88.15 1 0
eregen.dev/admin-api/cmd/main.go:88.15,91.3 2 0
eregen.dev/admin-api/cmd/main.go:93.2,102.49 4 0
eregen.dev/admin-api/cmd/main.go:102.49,104.3 1 0
eregen.dev/admin-api/cmd/main.go:107.2,114.49 4 0
eregen.dev/admin-api/cmd/main.go:114.49,116.3 1 0
eregen.dev/admin-api/cmd/main.go:118.2,123.49 2 0
eregen.dev/admin-api/cmd/main.go:123.49,125.3 1 0
eregen.dev/admin-api/cmd/main.go:127.2,132.49 2 0
eregen.dev/admin-api/cmd/main.go:132.49,134.3 1 0
eregen.dev/admin-api/cmd/main.go:137.2,145.49 5 0
eregen.dev/admin-api/cmd/main.go:145.49,147.3 1 0
eregen.dev/admin-api/cmd/main.go:149.2,154.49 2 0
eregen.dev/admin-api/cmd/main.go:154.49,156.3 1 0
eregen.dev/admin-api/cmd/main.go:159.2,164.49 2 0
eregen.dev/admin-api/cmd/main.go:164.49,166.3 1 0
eregen.dev/admin-api/cmd/main.go:167.2,172.49 2 0
eregen.dev/admin-api/cmd/main.go:172.49,174.3 1 0
eregen.dev/admin-api/cmd/main.go:177.2,183.49 3 0
eregen.dev/admin-api/cmd/main.go:183.49,185.3 1 0
eregen.dev/admin-api/cmd/main.go:187.2,192.49 2 0
eregen.dev/admin-api/cmd/main.go:192.49,194.3 1 0
eregen.dev/admin-api/cmd/main.go:197.2,198.25 2 0
eregen.dev/admin-api/cmd/main.go:198.25,205.50 3 0
eregen.dev/admin-api/cmd/main.go:205.51,207.4 0 0
eregen.dev/admin-api/cmd/main.go:210.2,211.12 2 0
eregen.dev/admin-api/cmd/main.go:215.46,216.16 1 0
eregen.dev/admin-api/cmd/main.go:216.16,218.3 1 0
eregen.dev/admin-api/cmd/main.go:219.2,219.112 1 0
eregen.dev/admin-api/cmd/main.go:223.39,226.2 2 0
eregen.dev/admin-api/internal/config/config.go:14.21,24.2 1 0
eregen.dev/admin-api/internal/config/config.go:26.42,27.34 1 0
eregen.dev/admin-api/internal/config/config.go:27.34,29.3 1 0
eregen.dev/admin-api/internal/config/config.go:30.2,30.17 1 0
eregen.dev/admin-api/internal/auth/auth.go:18.52,21.2 2 0
eregen.dev/admin-api/internal/auth/auth.go:23.50,25.2 1 0
eregen.dev/admin-api/internal/auth/auth.go:39.65,40.48 1 0
eregen.dev/admin-api/internal/auth/auth.go:40.48,42.3 1 0
eregen.dev/admin-api/internal/auth/auth.go:44.2,59.43 5 0
eregen.dev/admin-api/internal/auth/auth.go:62.65,63.39 1 0
eregen.dev/admin-api/internal/auth/auth.go:63.39,65.3 1 0
eregen.dev/admin-api/internal/auth/auth.go:67.2,67.104 1 0
eregen.dev/admin-api/internal/auth/auth.go:67.104,68.58 1 0
eregen.dev/admin-api/internal/auth/auth.go:68.58,70.4 1 0
eregen.dev/admin-api/internal/auth/auth.go:71.3,71.29 1 0
eregen.dev/admin-api/internal/auth/auth.go:74.2,74.32 1 0
eregen.dev/admin-api/internal/auth/auth.go:74.32,76.3 1 0
eregen.dev/admin-api/internal/auth/auth.go:78.2,79.9 2 0
eregen.dev/admin-api/internal/auth/auth.go:79.9,81.3 1 0
eregen.dev/admin-api/internal/auth/auth.go:83.2,83.20 1 0
eregen.dev/admin-api/internal/auth/auth.go:86.73,88.16 2 0
eregen.dev/admin-api/internal/auth/auth.go:88.16,90.3 1 0
eregen.dev/admin-api/internal/auth/auth.go:91.2,91.27 1 0
eregen.dev/admin-api/internal/auth/auth.go:94.71,96.16 2 0
eregen.dev/admin-api/internal/auth/auth.go:96.16,98.3 1 0
eregen.dev/admin-api/internal/auth/auth.go:99.2,99.25 1 0
eregen.dev/admin-api/internal/store/models/models.go:28.32,28.50 1 0
eregen.dev/admin-api/internal/store/models/models.go:40.42,40.71 1 0
eregen.dev/admin-api/internal/store/models/models.go:57.34,57.54 1 0
eregen.dev/admin-api/internal/store/models/models.go:70.40,70.67 1 0
eregen.dev/admin-api/internal/store/models/models.go:83.42,83.71 1 0
eregen.dev/admin-api/internal/store/models/models.go:95.43,95.72 1 0
eregen.dev/admin-api/internal/store/models/models.go:107.33,107.52 1 0
eregen.dev/admin-api/internal/store/models/models.go:122.40,122.66 1 0
eregen.dev/admin-api/internal/store/models/models.go:135.43,135.73 1 0
eregen.dev/admin-api/internal/store/models/models.go:151.34,151.54 1 0
eregen.dev/admin-api/internal/store/models/models.go:171.45,171.77 1 0
eregen.dev/admin-api/internal/store/models/models.go:181.51,181.90 1 0
eregen.dev/admin-api/internal/store/models/models.go:193.49,193.85 1 0
eregen.dev/admin-api/internal/store/models/models.go:205.37,205.61 1 0
eregen.dev/admin-api/internal/store/models/models.go:218.34,218.59 1 0
eregen.dev/admin-api/internal/store/models/models.go:226.41,226.69 1 0
eregen.dev/admin-api/internal/store/models/models.go:236.34,236.55 1 0
eregen.dev/admin-api/internal/store/models/models.go:253.42,253.66 1 0
eregen.dev/admin-api/internal/store/models/models.go:264.50,264.88 1 0
eregen.dev/admin-api/internal/store/models/models.go:275.42,275.71 1 0
eregen.dev/admin-api/internal/store/models/models.go:289.36,289.58 1 0
eregen.dev/admin-api/internal/store/models/models.go:307.42,307.81 1 0
eregen.dev/admin-api/internal/store/models/models.go:319.45,319.79 1 0
eregen.dev/admin-api/internal/store/models/models.go:352.41,352.69 1 0
eregen.dev/admin-api/internal/store/models/models.go:362.44,362.76 1 0
eregen.dev/admin-api/internal/store/models/models.go:376.42,376.71 1 0
eregen.dev/admin-api/internal/store/models/models.go:390.45,390.77 1 0
eregen.dev/admin-api/internal/store/models/models.go:405.45,405.78 1 0
eregen.dev/admin-api/internal/store/models/models.go:420.47,420.81 1 0
eregen.dev/admin-api/internal/store/models/models.go:431.49,431.87 1 0
eregen.dev/admin-api/internal/store/models/models.go:459.44,459.73 1 0
eregen.dev/admin-api/internal/store/models/models.go:476.47,476.81 1 0
eregen.dev/admin-api/internal/store/models/models.go:490.43,490.74 1 0
eregen.dev/admin-api/internal/store/models/models.go:509.41,509.65 1 0
eregen.dev/admin-api/internal/store/models/models.go:534.42,534.69 1 0
eregen.dev/admin-api/internal/store/models/models.go:553.47,553.83 1 0
eregen.dev/admin-api/internal/store/models/models.go:571.46,571.80 1 0
eregen.dev/admin-api/internal/store/models/models.go:588.50,588.89 1 0
eregen.dev/admin-api/internal/store/models/models.go:599.48,599.84 1 0
eregen.dev/admin-api/internal/store/models/models.go:611.40,611.67 1 0
eregen.dev/admin-api/internal/store/models/models.go:625.42,625.71 1 0
eregen.dev/admin-api/internal/store/models/models.go:639.43,639.73 1 0
eregen.dev/admin-api/internal/store/models/models.go:649.41,649.69 1 0
eregen.dev/admin-api/internal/store/models/models.go:662.48,662.83 1 0
eregen.dev/admin-api/internal/store/models/models.go:677.43,677.73 1 0
eregen.dev/admin-api/internal/store/models/models.go:692.39,692.68 1 0
eregen.dev/admin-api/internal/store/models/models.go:705.45,705.70 1 0
eregen.dev/admin-api/internal/store/models/models.go:723.42,723.71 1 0
eregen.dev/admin-api/internal/store/models/models.go:735.52,735.92 1 0
eregen.dev/admin-api/internal/store/models/models.go:746.49,746.86 1 0
eregen.dev/admin-api/internal/store/models/models.go:759.53,759.94 1 0
eregen.dev/admin-api/internal/store/models/models.go:774.49,774.85 1 0
eregen.dev/admin-api/internal/store/models/models.go:792.49,792.86 1 0
eregen.dev/admin-api/internal/store/models/models.go:810.48,810.84 1 0
eregen.dev/admin-api/internal/store/models/models.go:825.49,825.85 1 0
eregen.dev/admin-api/internal/store/models/models.go:841.49,841.86 1 0
eregen.dev/admin-api/internal/router/router.go:18.59,22.29 2 0
eregen.dev/admin-api/internal/router/router.go:22.29,33.19 4 0
eregen.dev/admin-api/internal/router/router.go:33.19,34.30 1 0
eregen.dev/admin-api/internal/router/router.go:34.30,35.20 1 0
eregen.dev/admin-api/internal/router/router.go:35.20,37.11 2 0
eregen.dev/admin-api/internal/router/router.go:40.9,43.4 1 0
eregen.dev/admin-api/internal/router/router.go:45.3,45.14 1 0
eregen.dev/admin-api/internal/router/router.go:45.14,46.20 1 0
eregen.dev/admin-api/internal/router/router.go:46.20,48.5 1 0
eregen.dev/admin-api/internal/router/router.go:49.4,52.47 4 0
eregen.dev/admin-api/internal/router/router.go:56.3,56.36 1 0
eregen.dev/admin-api/internal/router/router.go:56.36,59.4 2 0
eregen.dev/admin-api/internal/router/router.go:61.3,61.11 1 0
eregen.dev/admin-api/internal/router/router.go:64.2,65.21 2 0
eregen.dev/admin-api/internal/router/router.go:65.21,67.3 1 0
eregen.dev/admin-api/internal/router/router.go:68.2,74.47 3 0
eregen.dev/admin-api/internal/router/router.go:74.47,76.3 1 0
eregen.dev/admin-api/internal/router/router.go:79.2,80.2 2 0
eregen.dev/admin-api/internal/router/router.go:80.2,82.3 1 0
eregen.dev/admin-api/internal/router/router.go:84.2,112.18 27 0
eregen.dev/admin-api/internal/router/router.go:112.18,114.3 1 0
eregen.dev/admin-api/internal/router/router.go:117.2,117.60 1 0
eregen.dev/admin-api/internal/router/router.go:117.60,119.3 1 0
eregen.dev/admin-api/internal/router/router.go:121.2,122.18 2 0
eregen.dev/admin-api/internal/router/router.go:122.18,124.3 1 0
eregen.dev/admin-api/internal/router/router.go:126.2,126.21 1 0
eregen.dev/admin-api/internal/router/router.go:126.21,128.3 1 0
eregen.dev/admin-api/internal/router/router.go:129.2,193.3 51 0
eregen.dev/admin-api/internal/router/router.go:193.3,199.4 5 0
eregen.dev/admin-api/internal/router/router.go:200.3,205.3 4 0
eregen.dev/admin-api/internal/router/router.go:205.3,212.4 6 0
eregen.dev/admin-api/internal/router/router.go:215.3,216.3 2 0
eregen.dev/admin-api/internal/router/router.go:216.3,226.4 8 0
eregen.dev/admin-api/internal/router/router.go:226.4,237.5 10 0
eregen.dev/admin-api/internal/router/router.go:237.5,244.6 6 0
eregen.dev/admin-api/internal/router/router.go:246.5,247.5 2 0
eregen.dev/admin-api/internal/router/router.go:247.5,252.6 4 0
eregen.dev/admin-api/internal/router/router.go:255.3,257.3 3 0
eregen.dev/admin-api/internal/router/router.go:257.3,310.4 35 0
eregen.dev/admin-api/internal/router/router.go:313.3,315.3 3 0
eregen.dev/admin-api/internal/router/router.go:315.3,330.52 15 0
eregen.dev/admin-api/internal/router/router.go:330.52,332.4 1 0
eregen.dev/admin-api/internal/router/router.go:333.3,333.54 1 0
eregen.dev/admin-api/internal/router/router.go:337.3,339.3 3 0
eregen.dev/admin-api/internal/router/router.go:339.3,370.4 22 0
eregen.dev/admin-api/internal/router/router.go:375.3,386.3 10 0
eregen.dev/admin-api/internal/router/router.go:386.3,422.68 36 0
eregen.dev/admin-api/internal/router/router.go:422.68,424.5 1 0
eregen.dev/admin-api/internal/router/router.go:428.3,430.3 3 0
eregen.dev/admin-api/internal/router/router.go:430.3,454.4 23 0
eregen.dev/admin-api/internal/router/router.go:458.2,459.2 2 0
eregen.dev/admin-api/internal/router/router.go:459.2,466.3 6 0
eregen.dev/admin-api/internal/router/router.go:470.2,471.2 2 0
eregen.dev/admin-api/internal/router/router.go:471.2,476.3 4 0
eregen.dev/admin-api/internal/router/router.go:478.2,479.2 2 0
eregen.dev/admin-api/internal/router/router.go:479.2,483.3 3 0
eregen.dev/admin-api/internal/router/router.go:485.2,486.2 2 0
eregen.dev/admin-api/internal/router/router.go:486.2,489.3 2 0
eregen.dev/admin-api/internal/router/router.go:490.2,491.2 2 0
eregen.dev/admin-api/internal/router/router.go:491.2,494.3 2 0
eregen.dev/admin-api/internal/router/router.go:496.2,497.2 2 0
eregen.dev/admin-api/internal/router/router.go:497.2,501.3 3 0
eregen.dev/admin-api/internal/router/router.go:502.2,503.2 2 0
eregen.dev/admin-api/internal/router/router.go:503.2,506.3 2 0
eregen.dev/admin-api/internal/router/router.go:508.2,509.2 2 0
eregen.dev/admin-api/internal/router/router.go:509.2,513.3 3 0
eregen.dev/admin-api/internal/router/router.go:514.2,515.2 2 0
eregen.dev/admin-api/internal/router/router.go:515.2,517.3 1 0
eregen.dev/admin-api/internal/router/router.go:519.2,520.2 2 0
eregen.dev/admin-api/internal/router/router.go:520.2,523.3 2 0
eregen.dev/admin-api/internal/router/router.go:524.2,525.2 2 0
eregen.dev/admin-api/internal/router/router.go:525.2,529.3 3 0
eregen.dev/admin-api/internal/router/router.go:531.2,531.10 1 0
eregen.dev/admin-api/internal/store/gormstore/store.go:25.30,27.2 1 0
eregen.dev/admin-api/internal/store/gormstore/store.go:29.53,32.16 3 0
eregen.dev/admin-api/internal/store/gormstore/store.go:33.18,34.101 1 0
eregen.dev/admin-api/internal/store/gormstore/store.go:35.16,36.99 1 0
eregen.dev/admin-api/internal/store/gormstore/store.go:37.10,38.66 1 0
eregen.dev/admin-api/internal/store/gormstore/store.go:40.2,40.16 1 0
eregen.dev/admin-api/internal/store/gormstore/store.go:40.16,42.3 1 0
eregen.dev/admin-api/internal/store/gormstore/store.go:43.2,43.24 1 0
eregen.dev/admin-api/internal/store/gormstore/store.go:43.24,45.19 2 0
eregen.dev/admin-api/internal/store/gormstore/store.go:45.19,47.4 1 0
eregen.dev/admin-api/internal/store/gormstore/store.go:49.2,49.21 1 0
eregen.dev/admin-api/internal/store/gormstore/store.go:52.39,53.14 1 0
eregen.dev/admin-api/internal/store/gormstore/store.go:53.14,55.3 1 0
eregen.dev/admin-api/internal/store/gormstore/store.go:56.2,56.11 1 0
eregen.dev/admin-api/internal/store/gormstore/store.go:59.42,60.13 1 0
eregen.dev/admin-api/internal/store/gormstore/store.go:60.13,62.3 1 0
eregen.dev/admin-api/internal/store/gormstore/store.go:63.2,63.11 1 0
eregen.dev/admin-api/internal/store/gormstore/store.go:66.35,67.14 1 0
eregen.dev/admin-api/internal/store/gormstore/store.go:67.14,69.3 1 0
eregen.dev/admin-api/internal/store/gormstore/store.go:70.2,70.10 1 0
eregen.dev/admin-api/internal/store/gormstore/store.go:73.37,82.2 1 0
eregen.dev/admin-api/internal/store/gormstore/store.go:84.31,84.46 1 0
eregen.dev/admin-api/internal/store/gormstore/store.go:86.108,88.16 2 0
eregen.dev/admin-api/internal/store/gormstore/store.go:88.16,90.3 1 0
eregen.dev/admin-api/internal/store/gormstore/store.go:91.2,93.65 3 0
eregen.dev/admin-api/internal/store/gormstore/store.go:93.65,95.3 1 0
eregen.dev/admin-api/internal/store/gormstore/store.go:96.2,96.16 1 0
eregen.dev/admin-api/internal/store/gormstore/store.go:99.119,102.16 3 0
eregen.dev/admin-api/internal/store/gormstore/store.go:103.15,104.80 1 0
eregen.dev/admin-api/internal/store/gormstore/store.go:105.15,106.80 1 0
eregen.dev/admin-api/internal/store/gormstore/store.go:107.10,108.43 1 0
eregen.dev/admin-api/internal/store/gormstore/store.go:110.2,110.16 1 0
eregen.dev/admin-api/internal/store/gormstore/store.go:110.16,112.3 1 0
eregen.dev/admin-api/internal/store/gormstore/store.go:113.2,113.54 1 0
eregen.dev/admin-api/internal/store/gormstore/store.go:113.54,115.3 1 0
eregen.dev/admin-api/internal/store/gormstore/store.go:116.2,116.77 1 0
eregen.dev/admin-api/internal/store/gormstore/store.go:119.110,122.16 3 0
eregen.dev/admin-api/internal/store/gormstore/store.go:122.16,124.3 1 0
eregen.dev/admin-api/internal/store/gormstore/store.go:125.2,126.49 2 0
eregen.dev/admin-api/internal/store/gormstore/store.go:126.49,128.3 1 0
eregen.dev/admin-api/internal/store/gormstore/store.go:129.2,130.26 2 0
eregen.dev/admin-api/internal/store/gormstore/store.go:130.26,134.3 3 0
eregen.dev/admin-api/internal/store/gormstore/store.go:135.2,135.20 1 0
eregen.dev/admin-api/internal/store/gormstore/store.go:138.92,140.2 1 0
eregen.dev/admin-api/internal/store/gormstore/store.go:142.77,144.2 1 0
eregen.dev/admin-api/internal/store/gormstore/store.go:146.66,148.2 1 0
eregen.dev/admin-api/internal/store/gormstore/store.go:150.79,153.66 3 0
eregen.dev/admin-api/internal/store/gormstore/store.go:153.66,155.3 1 0
eregen.dev/admin-api/internal/store/gormstore/store.go:156.2,158.12 3 0
eregen.dev/admin-api/internal/store/gormstore/store.go:161.115,164.20 3 0
eregen.dev/admin-api/internal/store/gormstore/store.go:164.20,166.3 1 0
eregen.dev/admin-api/internal/store/gormstore/store.go:167.2,167.18 1 0
eregen.dev/admin-api/internal/store/gormstore/store.go:167.18,169.3 1 0
eregen.dev/admin-api/internal/store/gormstore/store.go:170.2,171.15 2 0
eregen.dev/admin-api/internal/store/gormstore/store.go:171.15,173.3 1 0
eregen.dev/admin-api/internal/store/gormstore/store.go:174.2,174.50 1 0
eregen.dev/admin-api/internal/store/gormstore/store.go:174.50,176.3 1 0
eregen.dev/admin-api/internal/store/gormstore/store.go:177.2,178.27 2 0
eregen.dev/admin-api/internal/store/gormstore/store.go:178.27,180.3 1 0
eregen.dev/admin-api/internal/store/gormstore/store.go:181.2,181.20 1 0
eregen.dev/admin-api/internal/store/gormstore/store.go:184.73,186.2 1 0
eregen.dev/admin-api/internal/store/gormstore/store.go:188.86,190.2 1 0
eregen.dev/admin-api/internal/store/gormstore/store.go:192.155,196.63 4 0
eregen.dev/admin-api/internal/store/gormstore/store.go:196.63,198.3 1 0
eregen.dev/admin-api/internal/store/gormstore/store.go:199.2,201.200 3 0
eregen.dev/admin-api/internal/store/gormstore/store.go:204.91,206.83 2 0
eregen.dev/admin-api/internal/store/gormstore/store.go:206.83,208.3 1 0
eregen.dev/admin-api/internal/store/gormstore/store.go:209.2,211.200 3 0
eregen.dev/admin-api/internal/store/gormstore/store.go:214.102,217.47 3 0
eregen.dev/admin-api/internal/store/gormstore/store.go:217.47,219.3 1 0
eregen.dev/admin-api/internal/store/gormstore/store.go:220.2,221.25 2 0
eregen.dev/admin-api/internal/store/gormstore/store.go:221.25,225.3 3 0
eregen.dev/admin-api/internal/store/gormstore/store.go:226.2,226.20 1 0
eregen.dev/admin-api/internal/store/gormstore/store.go:229.159,231.280 2 0
eregen.dev/admin-api/internal/store/gormstore/store.go:231.280,233.3 1 0
eregen.dev/admin-api/internal/store/gormstore/store.go:234.2,234.30 1 0
eregen.dev/admin-api/internal/store/gormstore/store.go:237.69,239.2 1 0
eregen.dev/admin-api/internal/store/gormstore/store.go:241.131,244.18 3 0
eregen.dev/admin-api/internal/store/gormstore/store.go:244.18,246.3 1 0
eregen.dev/admin-api/internal/store/gormstore/store.go:247.2,247.19 1 0
eregen.dev/admin-api/internal/store/gormstore/store.go:247.19,249.3 1 0
eregen.dev/admin-api/internal/store/gormstore/store.go:250.2,250.16 1 0
eregen.dev/admin-api/internal/store/gormstore/store.go:250.16,252.3 1 0
eregen.dev/admin-api/internal/store/gormstore/store.go:253.2,254.51 2 0
eregen.dev/admin-api/internal/store/gormstore/store.go:254.51,256.3 1 0
eregen.dev/admin-api/internal/store/gormstore/store.go:257.2,258.28 2 0
eregen.dev/admin-api/internal/store/gormstore/store.go:258.28,260.3 1 0
eregen.dev/admin-api/internal/store/gormstore/store.go:261.2,261.20 1 0
eregen.dev/admin-api/internal/store/gormstore/store.go:264.92,266.82 2 0
eregen.dev/admin-api/internal/store/gormstore/store.go:266.82,268.3 1 0
eregen.dev/admin-api/internal/store/gormstore/store.go:269.2,269.213 1 0
eregen.dev/admin-api/internal/store/gormstore/store.go:272.111,275.2 2 0
eregen.dev/admin-api/internal/store/gormstore/store.go:277.89,280.67 3 0
eregen.dev/admin-api/internal/store/gormstore/store.go:280.67,282.3 1 0
eregen.dev/admin-api/internal/store/gormstore/store.go:283.2,284.12 2 0
eregen.dev/admin-api/internal/store/gormstore/store.go:287.124,290.15 3 0
eregen.dev/admin-api/internal/store/gormstore/store.go:290.15,292.3 1 0
eregen.dev/admin-api/internal/store/gormstore/store.go:293.2,293.51 1 0
eregen.dev/admin-api/internal/store/gormstore/store.go:293.51,295.3 1 0
eregen.dev/admin-api/internal/store/gormstore/store.go:296.2,297.28 2 0
eregen.dev/admin-api/internal/store/gormstore/store.go:297.28,299.3 1 0
eregen.dev/admin-api/internal/store/gormstore/store.go:300.2,300.20 1 0
eregen.dev/admin-api/internal/store/gormstore/store.go:303.114,306.62 3 0
eregen.dev/admin-api/internal/store/gormstore/store.go:306.62,308.3 1 0
eregen.dev/admin-api/internal/store/gormstore/store.go:309.2,310.12 2 0
eregen.dev/admin-api/internal/store/gormstore/store.go:313.117,315.100 2 0
eregen.dev/admin-api/internal/store/gormstore/store.go:315.100,317.3 1 0
eregen.dev/admin-api/internal/store/gormstore/store.go:318.2,319.26 2 0
eregen.dev/admin-api/internal/store/gormstore/store.go:319.26,321.3 1 0
eregen.dev/admin-api/internal/store/gormstore/store.go:322.2,322.20 1 0
eregen.dev/admin-api/internal/store/gormstore/store.go:325.123,327.2 1 0
eregen.dev/admin-api/internal/store/gormstore/store.go:329.91,331.2 1 0
eregen.dev/admin-api/internal/store/gormstore/store.go:333.85,336.62 3 0
eregen.dev/admin-api/internal/store/gormstore/store.go:336.62,338.3 1 0
eregen.dev/admin-api/internal/store/gormstore/store.go:339.2,340.12 2 0
eregen.dev/admin-api/internal/store/gormstore/store.go:343.124,346.15 3 0
eregen.dev/admin-api/internal/store/gormstore/store.go:346.15,348.3 1 0
eregen.dev/admin-api/internal/store/gormstore/store.go:349.2,349.53 1 0
eregen.dev/admin-api/internal/store/gormstore/store.go:349.53,351.3 1 0
eregen.dev/admin-api/internal/store/gormstore/store.go:352.2,353.30 2 0
eregen.dev/admin-api/internal/store/gormstore/store.go:353.30,355.3 1 0
eregen.dev/admin-api/internal/store/gormstore/store.go:356.2,356.20 1 0
eregen.dev/admin-api/internal/store/gormstore/store.go:359.106,364.2 3 0
eregen.dev/admin-api/internal/store/gormstore/store.go:366.108,372.36 2 0
eregen.dev/admin-api/internal/store/gormstore/store.go:372.36,374.3 1 0
eregen.dev/admin-api/internal/store/gormstore/store.go:375.2,376.28 2 0
eregen.dev/admin-api/internal/store/gormstore/store.go:376.28,382.3 1 0
eregen.dev/admin-api/internal/store/gormstore/store.go:383.2,383.20 1 0
eregen.dev/admin-api/internal/store/gormstore/store.go:386.123,389.15 3 0
eregen.dev/admin-api/internal/store/gormstore/store.go:389.15,391.3 1 0
eregen.dev/admin-api/internal/store/gormstore/store.go:392.2,392.50 1 0
eregen.dev/admin-api/internal/store/gormstore/store.go:392.50,394.3 1 0
eregen.dev/admin-api/internal/store/gormstore/store.go:395.2,396.27 2 0
eregen.dev/admin-api/internal/store/gormstore/store.go:396.27,398.3 1 0
eregen.dev/admin-api/internal/store/gormstore/store.go:399.2,399.20 1 0
eregen.dev/admin-api/internal/store/gormstore/store.go:402.97,405.2 1 0
eregen.dev/admin-api/internal/store/gormstore/store.go:407.74,408.135 1 0
eregen.dev/admin-api/internal/store/gormstore/store.go:408.135,410.3 1 0
eregen.dev/admin-api/internal/store/gormstore/store.go:411.2,411.122 1 0
eregen.dev/admin-api/internal/store/gormstore/store.go:414.105,415.31 1 0
eregen.dev/admin-api/internal/store/gormstore/store.go:415.31,418.58 3 0
eregen.dev/admin-api/internal/store/gormstore/store.go:418.58,420.4 1 0
eregen.dev/admin-api/internal/store/gormstore/store.go:422.2,422.12 1 0
eregen.dev/admin-api/internal/store/gormstore/store.go:425.37,426.13 1 0
eregen.dev/admin-api/internal/store/gormstore/store.go:426.13,428.3 1 0
eregen.dev/admin-api/internal/store/gormstore/store.go:429.2,430.16 2 0
eregen.dev/admin-api/internal/store/gormstore/store.go:430.16,432.3 1 0
eregen.dev/admin-api/internal/store/gormstore/store.go:433.2,433.11 1 0
eregen.dev/admin-api/internal/store/gormstore/store.go:436.43,437.14 1 0
eregen.dev/admin-api/internal/store/gormstore/store.go:437.14,439.3 1 0
eregen.dev/admin-api/internal/store/gormstore/store.go:440.2,440.11 1 0
eregen.dev/admin-api/internal/store/gormstore/store.go:443.49,445.63 2 0
eregen.dev/admin-api/internal/store/gormstore/store.go:445.63,447.3 1 0
eregen.dev/admin-api/internal/store/gormstore/store.go:448.2,448.47 1 0
eregen.dev/admin-api/internal/store/gormstore/store.go:448.47,450.3 1 0
eregen.dev/admin-api/internal/store/gormstore/store.go:451.2,451.15 1 0
eregen.dev/admin-api/internal/store/gormstore/store.go:454.92,460.2 2 0
eregen.dev/admin-api/internal/store/gormstore/store.go:462.92,464.93 2 0
eregen.dev/admin-api/internal/store/gormstore/store.go:464.93,466.3 1 0
eregen.dev/admin-api/internal/store/gormstore/store.go:467.2,468.29 2 0
eregen.dev/admin-api/internal/store/gormstore/store.go:468.29,471.3 1 0
eregen.dev/admin-api/internal/store/gormstore/store.go:472.2,472.20 1 0
eregen.dev/admin-api/internal/store/gormstore/store.go:475.77,477.2 1 0
eregen.dev/admin-api/internal/store/gormstore/store.go:479.104,482.64 3 0
eregen.dev/admin-api/internal/store/gormstore/store.go:482.64,484.3 1 0
eregen.dev/admin-api/internal/store/gormstore/store.go:485.2,485.20 1 0
eregen.dev/admin-api/internal/store/gormstore/store.go:488.85,490.91 2 0
eregen.dev/admin-api/internal/store/gormstore/store.go:490.91,492.3 1 0
eregen.dev/admin-api/internal/store/gormstore/store.go:493.2,500.8 1 0
eregen.dev/admin-api/internal/store/gormstore/store.go:503.86,505.98 2 0
eregen.dev/admin-api/internal/store/gormstore/store.go:505.98,507.3 1 0
eregen.dev/admin-api/internal/store/gormstore/store.go:508.2,510.19 3 0
eregen.dev/admin-api/internal/store/gormstore/store.go:510.19,512.3 1 0
eregen.dev/admin-api/internal/store/gormstore/store.go:513.2,513.20 1 0
eregen.dev/admin-api/internal/store/gormstore/store.go:516.92,521.2 2 0
eregen.dev/admin-api/internal/store/gormstore/store.go:523.81,525.89 2 0
eregen.dev/admin-api/internal/store/gormstore/store.go:525.89,527.3 1 0
eregen.dev/admin-api/internal/store/gormstore/store.go:528.2,529.25 2 0
eregen.dev/admin-api/internal/store/gormstore/store.go:529.25,531.3 1 0
eregen.dev/admin-api/internal/store/gormstore/store.go:532.2,532.20 1 0
eregen.dev/admin-api/internal/store/gormstore/store.go:535.111,538.64 3 0
eregen.dev/admin-api/internal/store/gormstore/store.go:538.64,540.3 1 0
eregen.dev/admin-api/internal/store/gormstore/store.go:541.2,541.16 1 0
eregen.dev/admin-api/internal/store/gormstore/store.go:544.68,546.2 1 0
eregen.dev/admin-api/internal/store/gormstore/store.go:548.85,550.2 1 0
eregen.dev/admin-api/internal/store/gormstore/store.go:552.87,572.2 19 0
eregen.dev/admin-api/internal/store/gormstore/store.go:574.93,581.91 3 0
eregen.dev/admin-api/internal/store/gormstore/store.go:581.91,583.3 1 0
eregen.dev/admin-api/internal/store/gormstore/store.go:584.2,587.25 4 0
eregen.dev/admin-api/internal/store/gormstore/store.go:587.25,589.16 2 0
eregen.dev/admin-api/internal/store/gormstore/store.go:589.16,591.4 1 0
eregen.dev/admin-api/internal/store/gormstore/store.go:592.3,592.82 1 0
eregen.dev/admin-api/internal/store/gormstore/store.go:594.2,594.20 1 0
eregen.dev/admin-api/internal/store/gormstore/store.go:597.95,611.89 4 0
eregen.dev/admin-api/internal/store/gormstore/store.go:611.89,613.3 1 0
eregen.dev/admin-api/internal/store/gormstore/store.go:614.2,615.25 2 0
eregen.dev/admin-api/internal/store/gormstore/store.go:615.25,617.3 1 0
eregen.dev/admin-api/internal/store/gormstore/store.go:618.2,618.20 1 0
eregen.dev/admin-api/internal/store/gormstore/store.go:621.98,628.93 3 0
eregen.dev/admin-api/internal/store/gormstore/store.go:628.93,630.3 1 0
eregen.dev/admin-api/internal/store/gormstore/store.go:631.2,636.25 3 0
eregen.dev/admin-api/internal/store/gormstore/store.go:636.25,638.3 1 0
eregen.dev/admin-api/internal/store/gormstore/store.go:639.2,639.20 1 0
eregen.dev/admin-api/internal/store/gormstore/store.go:642.97,652.64 4 0
eregen.dev/admin-api/internal/store/gormstore/store.go:652.64,654.3 1 0
eregen.dev/admin-api/internal/store/gormstore/store.go:655.2,656.25 2 0
eregen.dev/admin-api/internal/store/gormstore/store.go:656.25,658.3 1 0
eregen.dev/admin-api/internal/store/gormstore/store.go:659.2,659.20 1 0
eregen.dev/admin-api/internal/store/gormstore/store.go:662.135,665.18 3 0
eregen.dev/admin-api/internal/store/gormstore/store.go:665.18,667.3 1 0
eregen.dev/admin-api/internal/store/gormstore/store.go:668.2,668.20 1 0
eregen.dev/admin-api/internal/store/gormstore/store.go:668.20,670.3 1 0
eregen.dev/admin-api/internal/store/gormstore/store.go:671.2,672.48 2 0
eregen.dev/admin-api/internal/store/gormstore/store.go:672.48,674.3 1 0
eregen.dev/admin-api/internal/store/gormstore/store.go:675.2,676.25 2 0
eregen.dev/admin-api/internal/store/gormstore/store.go:676.25,679.24 3 0
eregen.dev/admin-api/internal/store/gormstore/store.go:679.24,681.4 1 0
eregen.dev/admin-api/internal/store/gormstore/store.go:682.3,682.25 1 0
eregen.dev/admin-api/internal/store/gormstore/store.go:682.25,684.4 1 0
eregen.dev/admin-api/internal/store/gormstore/store.go:685.3,688.4 1 0
eregen.dev/admin-api/internal/store/gormstore/store.go:690.2,690.20 1 0
eregen.dev/admin-api/internal/store/gormstore/store.go:693.98,695.84 2 0
eregen.dev/admin-api/internal/store/gormstore/store.go:695.84,697.3 1 0
eregen.dev/admin-api/internal/store/gormstore/store.go:698.2,700.25 3 0
eregen.dev/admin-api/internal/store/gormstore/store.go:700.25,702.3 1 0
eregen.dev/admin-api/internal/store/gormstore/store.go:703.2,703.26 1 0
eregen.dev/admin-api/internal/store/gormstore/store.go:703.26,705.3 1 0
eregen.dev/admin-api/internal/store/gormstore/store.go:706.2,707.99 1 0
eregen.dev/admin-api/internal/store/gormstore/store.go:710.92,713.25 3 0
eregen.dev/admin-api/internal/store/gormstore/store.go:713.25,714.68 1 0
eregen.dev/admin-api/internal/store/gormstore/store.go:714.68,716.4 1 0
eregen.dev/admin-api/internal/store/gormstore/store.go:718.2,718.23 1 0
eregen.dev/admin-api/internal/store/gormstore/store.go:718.23,719.66 1 0
eregen.dev/admin-api/internal/store/gormstore/store.go:719.66,721.4 1 0
eregen.dev/admin-api/internal/store/gormstore/store.go:723.2,725.49 2 0
eregen.dev/admin-api/internal/store/gormstore/store.go:728.98,730.2 1 0
eregen.dev/admin-api/internal/store/gormstore/store.go:732.82,734.19 2 0
eregen.dev/admin-api/internal/store/gormstore/store.go:734.19,735.62 1 0
eregen.dev/admin-api/internal/store/gormstore/store.go:735.62,737.4 1 0
eregen.dev/admin-api/internal/store/gormstore/store.go:739.2,740.85 1 0
eregen.dev/admin-api/internal/store/gormstore/store.go:745.88,762.2 2 0
eregen.dev/admin-api/internal/store/gormstore/store.go:764.96,766.82 2 0
eregen.dev/admin-api/internal/store/gormstore/store.go:766.82,768.3 1 0
eregen.dev/admin-api/internal/store/gormstore/store.go:769.2,784.8 1 0
eregen.dev/admin-api/internal/store/gormstore/store.go:787.135,790.22 3 0
eregen.dev/admin-api/internal/store/gormstore/store.go:790.22,792.3 1 0
eregen.dev/admin-api/internal/store/gormstore/store.go:793.2,793.18 1 0
eregen.dev/admin-api/internal/store/gormstore/store.go:793.18,795.3 1 0
eregen.dev/admin-api/internal/store/gormstore/store.go:796.2,797.54 2 0
eregen.dev/admin-api/internal/store/gormstore/store.go:797.54,799.3 1 0
eregen.dev/admin-api/internal/store/gormstore/store.go:800.2,801.31 2 0
eregen.dev/admin-api/internal/store/gormstore/store.go:801.31,808.3 1 0
eregen.dev/admin-api/internal/store/gormstore/store.go:809.2,809.20 1 0
eregen.dev/admin-api/internal/store/gormstore/store.go:812.110,815.157 2 0
eregen.dev/admin-api/internal/store/gormstore/store.go:815.157,817.3 1 0
eregen.dev/admin-api/internal/store/gormstore/store.go:818.2,820.21 3 0
eregen.dev/admin-api/internal/store/gormstore/store.go:820.21,823.3 2 0
eregen.dev/admin-api/internal/store/gormstore/store.go:824.2,824.12 1 0
eregen.dev/admin-api/internal/store/gormstore/store.go:827.85,842.2 2 0
eregen.dev/admin-api/internal/store/gormstore/store.go:844.103,846.129 2 0
eregen.dev/admin-api/internal/store/gormstore/store.go:846.129,848.3 1 0
eregen.dev/admin-api/internal/store/gormstore/store.go:849.2,850.28 2 0
eregen.dev/admin-api/internal/store/gormstore/store.go:850.28,855.25 5 0
eregen.dev/admin-api/internal/store/gormstore/store.go:855.25,857.4 1 0
eregen.dev/admin-api/internal/store/gormstore/store.go:858.3,858.20 1 0
eregen.dev/admin-api/internal/store/gormstore/store.go:858.20,860.4 1 0
eregen.dev/admin-api/internal/store/gormstore/store.go:861.3,861.27 1 0
eregen.dev/admin-api/internal/store/gormstore/store.go:861.27,863.4 1 0
eregen.dev/admin-api/internal/store/gormstore/store.go:864.3,864.22 1 0
eregen.dev/admin-api/internal/store/gormstore/store.go:864.22,866.4 1 0
eregen.dev/admin-api/internal/store/gormstore/store.go:867.3,871.4 1 0
eregen.dev/admin-api/internal/store/gormstore/store.go:873.2,873.20 1 0
eregen.dev/admin-api/internal/store/gormstore/store.go:876.139,880.15 4 0
eregen.dev/admin-api/internal/store/gormstore/store.go:881.26,884.17 3 0
eregen.dev/admin-api/internal/store/gormstore/store.go:884.17,886.4 1 0
eregen.dev/admin-api/internal/store/gormstore/store.go:887.27,888.40 1 0
eregen.dev/admin-api/internal/store/gormstore/store.go:888.40,892.18 3 0
eregen.dev/admin-api/internal/store/gormstore/store.go:892.18,894.5 1 0
eregen.dev/admin-api/internal/store/gormstore/store.go:897.2,897.21 1 0
eregen.dev/admin-api/internal/store/gormstore/store.go:902.83,919.2 3 0
eregen.dev/admin-api/internal/store/gormstore/store.go:921.91,923.82 2 0
eregen.dev/admin-api/internal/store/gormstore/store.go:923.82,925.3 1 0
eregen.dev/admin-api/internal/store/gormstore/store.go:926.2,929.18 4 0
eregen.dev/admin-api/internal/store/gormstore/store.go:929.18,931.3 1 0
eregen.dev/admin-api/internal/store/gormstore/store.go:932.2,937.8 1 0
eregen.dev/admin-api/internal/store/gormstore/store.go:940.118,943.18 3 0
eregen.dev/admin-api/internal/store/gormstore/store.go:943.18,945.3 1 0
eregen.dev/admin-api/internal/store/gormstore/store.go:946.2,947.52 2 0
eregen.dev/admin-api/internal/store/gormstore/store.go:947.52,949.3 1 0
eregen.dev/admin-api/internal/store/gormstore/store.go:950.2,951.29 2 0
eregen.dev/admin-api/internal/store/gormstore/store.go:951.29,955.19 4 0
eregen.dev/admin-api/internal/store/gormstore/store.go:955.19,957.4 1 0
eregen.dev/admin-api/internal/store/gormstore/store.go:958.3,963.4 1 0
eregen.dev/admin-api/internal/store/gormstore/store.go:965.2,965.20 1 0
eregen.dev/admin-api/internal/store/gormstore/store.go:968.83,978.2 3 0
eregen.dev/admin-api/internal/store/gormstore/store.go:980.69,982.2 1 0
eregen.dev/admin-api/internal/store/gormstore/store.go:984.113,986.101 2 0
eregen.dev/admin-api/internal/store/gormstore/store.go:986.101,988.3 1 0
eregen.dev/admin-api/internal/store/gormstore/store.go:989.2,992.18 4 0
eregen.dev/admin-api/internal/store/gormstore/store.go:992.18,994.3 1 0
eregen.dev/admin-api/internal/store/gormstore/store.go:995.2,1000.8 1 0
eregen.dev/admin-api/internal/store/gormstore/store.go:1003.97,1004.29 1 0
eregen.dev/admin-api/internal/store/gormstore/store.go:1004.29,1005.50 1 0
eregen.dev/admin-api/internal/store/gormstore/store.go:1005.50,1007.4 1 0
eregen.dev/admin-api/internal/store/gormstore/store.go:1009.2,1009.12 1 0
eregen.dev/admin-api/internal/store/gormstore/store.go:1012.112,1014.16 2 0
eregen.dev/admin-api/internal/store/gormstore/store.go:1014.16,1016.3 1 0
eregen.dev/admin-api/internal/store/gormstore/store.go:1017.2,1017.65 1 0
eregen.dev/admin-api/internal/store/gormstore/store.go:1020.121,1023.16 3 0
eregen.dev/admin-api/internal/store/gormstore/store.go:1023.16,1025.3 1 0
eregen.dev/admin-api/internal/store/gormstore/store.go:1026.2,1026.51 1 0
eregen.dev/admin-api/internal/store/gormstore/store.go:1026.51,1028.3 1 0
eregen.dev/admin-api/internal/store/gormstore/store.go:1029.2,1030.28 2 0
eregen.dev/admin-api/internal/store/gormstore/store.go:1030.28,1036.3 1 0
eregen.dev/admin-api/internal/store/gormstore/store.go:1037.2,1037.20 1 0
eregen.dev/admin-api/internal/store/gormstore/store.go:1042.86,1044.68 2 0
eregen.dev/admin-api/internal/store/gormstore/store.go:1044.68,1046.3 1 0
eregen.dev/admin-api/internal/store/gormstore/store.go:1047.2,1048.90 1 0
eregen.dev/admin-api/internal/store/gormstore/store.go:1051.78,1054.47 2 0
eregen.dev/admin-api/internal/store/gormstore/store.go:1054.47,1056.3 1 0
eregen.dev/admin-api/internal/store/gormstore/store.go:1057.2,1058.83 1 0
eregen.dev/admin-api/internal/store/gormstore/store.go:1061.76,1064.2 1 0
eregen.dev/admin-api/internal/store/gormstore/store.go:1066.128,1069.18 3 0
eregen.dev/admin-api/internal/store/gormstore/store.go:1069.18,1071.3 1 0
eregen.dev/admin-api/internal/store/gormstore/store.go:1072.2,1073.51 2 0
eregen.dev/admin-api/internal/store/gormstore/store.go:1073.51,1075.3 1 0
eregen.dev/admin-api/internal/store/gormstore/store.go:1076.2,1077.28 2 0
eregen.dev/admin-api/internal/store/gormstore/store.go:1077.28,1079.30 2 0
eregen.dev/admin-api/internal/store/gormstore/store.go:1079.30,1081.4 1 0
eregen.dev/admin-api/internal/store/gormstore/store.go:1082.3,1085.4 1 0
eregen.dev/admin-api/internal/store/gormstore/store.go:1087.2,1087.20 1 0
eregen.dev/admin-api/internal/store/gormstore/store.go:1090.92,1092.95 2 0
eregen.dev/admin-api/internal/store/gormstore/store.go:1092.95,1094.3 1 0
eregen.dev/admin-api/internal/store/gormstore/store.go:1095.2,1095.31 1 0
eregen.dev/admin-api/internal/store/gormstore/store.go:1098.84,1101.2 1 0
eregen.dev/admin-api/internal/store/gormstore/store.go:1105.80,1117.20 3 0
eregen.dev/admin-api/internal/store/gormstore/store.go:1117.20,1119.3 1 0
eregen.dev/admin-api/internal/store/gormstore/store.go:1120.2,1120.50 1 0
eregen.dev/admin-api/internal/store/gormstore/store.go:1123.89,1124.31 1 0
eregen.dev/admin-api/internal/store/gormstore/store.go:1124.31,1126.3 1 0
eregen.dev/admin-api/internal/store/gormstore/store.go:1127.2,1128.102 2 0
eregen.dev/admin-api/internal/store/gormstore/store.go:1128.102,1130.3 1 0
eregen.dev/admin-api/internal/store/gormstore/store.go:1131.2,1132.25 2 0
eregen.dev/admin-api/internal/store/gormstore/store.go:1132.25,1140.3 3 0
eregen.dev/admin-api/internal/store/gormstore/store.go:1141.2,1141.20 1 0
eregen.dev/admin-api/internal/store/gormstore/store.go:1144.110,1145.31 1 0
eregen.dev/admin-api/internal/store/gormstore/store.go:1145.31,1147.3 1 0
eregen.dev/admin-api/internal/store/gormstore/store.go:1148.2,1149.131 2 0
eregen.dev/admin-api/internal/store/gormstore/store.go:1149.131,1151.3 1 0
eregen.dev/admin-api/internal/store/gormstore/store.go:1152.2,1153.25 2 0
eregen.dev/admin-api/internal/store/gormstore/store.go:1153.25,1161.3 3 0
eregen.dev/admin-api/internal/store/gormstore/store.go:1162.2,1162.20 1 0
eregen.dev/admin-api/internal/store/gormstore/store.go:1165.112,1166.31 1 0
eregen.dev/admin-api/internal/store/gormstore/store.go:1166.31,1168.3 1 0
eregen.dev/admin-api/internal/store/gormstore/store.go:1169.2,1170.130 2 0
eregen.dev/admin-api/internal/store/gormstore/store.go:1170.130,1172.3 1 0
eregen.dev/admin-api/internal/store/gormstore/store.go:1173.2,1174.25 2 0
eregen.dev/admin-api/internal/store/gormstore/store.go:1174.25,1182.3 3 0
eregen.dev/admin-api/internal/store/gormstore/store.go:1183.2,1183.20 1 0
eregen.dev/admin-api/internal/store/gormstore/store.go:1188.91,1193.2 4 0
eregen.dev/admin-api/internal/store/gormstore/store.go:1195.99,1197.82 2 0
eregen.dev/admin-api/internal/store/gormstore/store.go:1197.82,1199.3 1 0
eregen.dev/admin-api/internal/store/gormstore/store.go:1200.2,1200.276 1 0
eregen.dev/admin-api/internal/store/gormstore/store.go:1203.137,1206.16 3 0
eregen.dev/admin-api/internal/store/gormstore/store.go:1206.16,1208.3 1 0
eregen.dev/admin-api/internal/store/gormstore/store.go:1209.2,1209.15 1 0
eregen.dev/admin-api/internal/store/gormstore/store.go:1209.15,1211.3 1 0
eregen.dev/admin-api/internal/store/gormstore/store.go:1212.2,1212.18 1 0
eregen.dev/admin-api/internal/store/gormstore/store.go:1212.18,1214.3 1 0
eregen.dev/admin-api/internal/store/gormstore/store.go:1215.2,1216.56 2 0
eregen.dev/admin-api/internal/store/gormstore/store.go:1216.56,1218.3 1 0
eregen.dev/admin-api/internal/store/gormstore/store.go:1219.2,1220.36 2 0
eregen.dev/admin-api/internal/store/gormstore/store.go:1220.36,1222.3 1 0
eregen.dev/admin-api/internal/store/gormstore/store.go:1223.2,1223.20 1 0
eregen.dev/admin-api/internal/store/gormstore/store.go:1226.97,1228.2 1 0
eregen.dev/admin-api/internal/store/gormstore/store.go:1230.73,1232.2 1 0
eregen.dev/admin-api/internal/store/gormstore/store.go:1234.106,1237.64 3 0
eregen.dev/admin-api/internal/store/gormstore/store.go:1237.64,1239.3 1 0
eregen.dev/admin-api/internal/store/gormstore/store.go:1240.2,1240.16 1 0
eregen.dev/admin-api/internal/store/gormstore/store.go:1243.97,1245.2 1 0
eregen.dev/admin-api/internal/store/gormstore/store.go:1249.74,1255.2 5 0
eregen.dev/admin-api/internal/store/gormstore/store.go:1257.82,1259.82 2 0
eregen.dev/admin-api/internal/store/gormstore/store.go:1259.82,1261.3 1 0
eregen.dev/admin-api/internal/store/gormstore/store.go:1262.2,1262.275 1 0
eregen.dev/admin-api/internal/store/gormstore/store.go:1265.94,1267.91 2 0
eregen.dev/admin-api/internal/store/gormstore/store.go:1267.91,1268.45 1 0
eregen.dev/admin-api/internal/store/gormstore/store.go:1268.45,1270.4 1 0
eregen.dev/admin-api/internal/store/gormstore/store.go:1271.3,1271.18 1 0
eregen.dev/admin-api/internal/store/gormstore/store.go:1273.2,1273.275 1 0
eregen.dev/admin-api/internal/store/gormstore/store.go:1276.124,1279.25 3 0
eregen.dev/admin-api/internal/store/gormstore/store.go:1279.25,1281.3 1 0
eregen.dev/admin-api/internal/store/gormstore/store.go:1282.2,1282.18 1 0
eregen.dev/admin-api/internal/store/gormstore/store.go:1282.18,1284.3 1 0
eregen.dev/admin-api/internal/store/gormstore/store.go:1285.2,1286.51 2 0
eregen.dev/admin-api/internal/store/gormstore/store.go:1286.51,1288.3 1 0
eregen.dev/admin-api/internal/store/gormstore/store.go:1289.2,1290.28 2 0
eregen.dev/admin-api/internal/store/gormstore/store.go:1290.28,1292.3 1 0
eregen.dev/admin-api/internal/store/gormstore/store.go:1293.2,1293.20 1 0
eregen.dev/admin-api/internal/store/gormstore/store.go:1296.92,1297.23 1 0
eregen.dev/admin-api/internal/store/gormstore/store.go:1297.23,1299.3 1 0
eregen.dev/admin-api/internal/store/gormstore/store.go:1300.2,1300.97 1 0
eregen.dev/admin-api/internal/store/gormstore/store.go:1303.68,1305.2 1 0
eregen.dev/admin-api/internal/store/gormstore/store.go:1309.83,1314.2 4 0
eregen.dev/admin-api/internal/store/gormstore/store.go:1316.123,1318.126 2 0
eregen.dev/admin-api/internal/store/gormstore/store.go:1318.126,1319.45 1 0
eregen.dev/admin-api/internal/store/gormstore/store.go:1319.45,1321.4 1 0
eregen.dev/admin-api/internal/store/gormstore/store.go:1322.3,1322.49 1 0
eregen.dev/admin-api/internal/store/gormstore/store.go:1324.2,1324.887 1 0
eregen.dev/admin-api/internal/store/gormstore/store.go:1327.109,1329.128 2 0
eregen.dev/admin-api/internal/store/gormstore/store.go:1329.128,1331.3 1 0
eregen.dev/admin-api/internal/store/gormstore/store.go:1332.2,1333.29 2 0
eregen.dev/admin-api/internal/store/gormstore/store.go:1333.29,1335.3 1 0
eregen.dev/admin-api/internal/store/gormstore/store.go:1336.2,1336.20 1 0
eregen.dev/admin-api/internal/store/gormstore/store.go:1339.83,1342.2 2 0
eregen.dev/admin-api/internal/store/gormstore/store.go:1346.95,1349.25 3 0
eregen.dev/admin-api/internal/store/gormstore/store.go:1349.25,1353.3 3 0
eregen.dev/admin-api/internal/store/gormstore/store.go:1354.2,1355.48 2 0
eregen.dev/admin-api/internal/store/gormstore/store.go:1358.93,1360.2 1 0
eregen.dev/admin-api/internal/store/gormstore/store.go:1362.111,1364.97 2 0
eregen.dev/admin-api/internal/store/gormstore/store.go:1364.97,1366.3 1 0
eregen.dev/admin-api/internal/store/gormstore/store.go:1367.2,1368.25 2 0
eregen.dev/admin-api/internal/store/gormstore/store.go:1368.25,1370.3 1 0
eregen.dev/admin-api/internal/store/gormstore/store.go:1371.2,1371.20 1 0
eregen.dev/admin-api/internal/store/gormstore/store.go:1376.131,1378.126 2 0
eregen.dev/admin-api/internal/store/gormstore/store.go:1378.126,1380.3 1 0
eregen.dev/admin-api/internal/store/gormstore/store.go:1381.2,1381.75 1 0
eregen.dev/admin-api/internal/store/gormstore/store.go:1384.114,1387.44 3 0
eregen.dev/admin-api/internal/store/gormstore/store.go:1387.44,1389.3 1 0
eregen.dev/admin-api/internal/store/gormstore/store.go:1390.2,1390.23 1 0
eregen.dev/admin-api/internal/store/gormstore/store.go:1393.121,1394.186 1 0
eregen.dev/admin-api/internal/store/gormstore/store.go:1394.186,1396.3 1 0
eregen.dev/admin-api/internal/store/gormstore/store.go:1397.2,1397.170 1 0
eregen.dev/admin-api/internal/store/gormstore/store.go:1400.28,1401.7 1 0
eregen.dev/admin-api/internal/store/gormstore/store.go:1401.7,1403.3 1 0
eregen.dev/admin-api/internal/store/gormstore/store.go:1404.2,1404.10 1 0
eregen.dev/admin-api/internal/store/gormstore/store.go:1407.26,1409.2 1 0
eregen.dev/admin-api/internal/store/gormstore/store.go:1411.83,1413.22 2 0
eregen.dev/admin-api/internal/store/gormstore/store.go:1413.22,1415.3 1 0
eregen.dev/admin-api/internal/store/gormstore/store.go:1416.2,1416.52 1 0
eregen.dev/admin-api/internal/store/gormstore/store.go:1419.121,1422.30 3 0
eregen.dev/admin-api/internal/store/gormstore/store.go:1422.30,1424.3 1 0
eregen.dev/admin-api/internal/store/gormstore/store.go:1425.2,1425.52 1 0
eregen.dev/admin-api/internal/store/gormstore/store.go:1425.52,1427.3 1 0
eregen.dev/admin-api/internal/store/gormstore/store.go:1428.2,1429.29 2 0
eregen.dev/admin-api/internal/store/gormstore/store.go:1429.29,1431.3 1 0
eregen.dev/admin-api/internal/store/gormstore/store.go:1432.2,1432.20 1 0
eregen.dev/admin-api/internal/store/gormstore/store.go:1435.89,1437.18 2 0
eregen.dev/admin-api/internal/store/gormstore/store.go:1437.18,1439.3 1 0
eregen.dev/admin-api/internal/store/gormstore/store.go:1440.2,1440.48 1 0
eregen.dev/admin-api/internal/store/gormstore/store.go:1443.107,1445.125 2 0
eregen.dev/admin-api/internal/store/gormstore/store.go:1445.125,1447.3 1 0
eregen.dev/admin-api/internal/store/gormstore/store.go:1448.2,1449.26 2 0
eregen.dev/admin-api/internal/store/gormstore/store.go:1449.26,1451.3 1 0
eregen.dev/admin-api/internal/store/gormstore/store.go:1452.2,1452.20 1 0
eregen.dev/admin-api/internal/store/gormstore/store.go:1455.89,1457.18 2 0
eregen.dev/admin-api/internal/store/gormstore/store.go:1457.18,1459.3 1 0
eregen.dev/admin-api/internal/store/gormstore/store.go:1460.2,1460.26 1 0
eregen.dev/admin-api/internal/store/gormstore/store.go:1460.26,1462.3 1 0
eregen.dev/admin-api/internal/store/gormstore/store.go:1463.2,1463.25 1 0
eregen.dev/admin-api/internal/store/gormstore/store.go:1463.25,1465.3 1 0
eregen.dev/admin-api/internal/store/gormstore/store.go:1466.2,1466.48 1 0
eregen.dev/admin-api/internal/store/gormstore/store.go:1469.107,1471.127 2 0
eregen.dev/admin-api/internal/store/gormstore/store.go:1471.127,1473.3 1 0
eregen.dev/admin-api/internal/store/gormstore/store.go:1474.2,1475.26 2 0
eregen.dev/admin-api/internal/store/gormstore/store.go:1475.26,1477.3 1 0
eregen.dev/admin-api/internal/store/gormstore/store.go:1478.2,1478.20 1 0
eregen.dev/admin-api/internal/store/gormstore/store.go:1481.89,1483.18 2 0
eregen.dev/admin-api/internal/store/gormstore/store.go:1483.18,1485.3 1 0
eregen.dev/admin-api/internal/store/gormstore/store.go:1486.2,1486.48 1 0
eregen.dev/admin-api/internal/store/gormstore/store.go:1489.93,1491.18 2 0
eregen.dev/admin-api/internal/store/gormstore/store.go:1491.18,1493.3 1 0
eregen.dev/admin-api/internal/store/gormstore/store.go:1494.2,1494.24 1 0
eregen.dev/admin-api/internal/store/gormstore/store.go:1494.24,1496.3 1 0
eregen.dev/admin-api/internal/store/gormstore/store.go:1497.2,1497.25 1 0
eregen.dev/admin-api/internal/store/gormstore/store.go:1497.25,1499.3 1 0
eregen.dev/admin-api/internal/store/gormstore/store.go:1500.2,1500.48 1 0
eregen.dev/admin-api/internal/store/gormstore/store.go:1503.113,1505.30 2 0
eregen.dev/admin-api/internal/store/gormstore/store.go:1505.30,1507.3 1 0
eregen.dev/admin-api/internal/store/gormstore/store.go:1508.2,1509.49 2 0
eregen.dev/admin-api/internal/store/gormstore/store.go:1509.49,1511.3 1 0
eregen.dev/admin-api/internal/store/gormstore/store.go:1512.2,1513.26 2 0
eregen.dev/admin-api/internal/store/gormstore/store.go:1513.26,1515.25 2 0
eregen.dev/admin-api/internal/store/gormstore/store.go:1515.25,1517.4 1 0
eregen.dev/admin-api/internal/store/gormstore/store.go:1519.2,1519.20 1 0
eregen.dev/admin-api/internal/store/gormstore/store.go:1522.88,1524.2 1 0
eregen.dev/admin-api/internal/store/gormstore/store.go:1526.105,1534.2 7 0
eregen.dev/admin-api/internal/store/gormstore/store.go:1536.99,1541.21 5 0
eregen.dev/admin-api/internal/store/gormstore/store.go:1541.21,1543.3 1 0
eregen.dev/admin-api/internal/store/gormstore/store.go:1543.8,1545.3 1 0
eregen.dev/admin-api/internal/store/gormstore/store.go:1546.2,1561.23 16 0
eregen.dev/admin-api/internal/store/gormstore/store.go:1564.97,1566.18 2 0
eregen.dev/admin-api/internal/store/gormstore/store.go:1566.18,1568.3 1 0
eregen.dev/admin-api/internal/store/gormstore/store.go:1569.2,1569.48 1 0
eregen.dev/admin-api/internal/store/gormstore/store.go:1572.97,1574.87 2 0
eregen.dev/admin-api/internal/store/gormstore/store.go:1574.87,1576.3 1 0
eregen.dev/admin-api/internal/store/gormstore/store.go:1577.2,1578.26 2 0
eregen.dev/admin-api/internal/store/gormstore/store.go:1578.26,1580.3 1 0
eregen.dev/admin-api/internal/store/gormstore/store.go:1581.2,1581.20 1 0
eregen.dev/admin-api/internal/store/gormstore/store.go:1584.90,1585.16 1 0
eregen.dev/admin-api/internal/store/gormstore/store.go:1585.16,1587.3 1 0
eregen.dev/admin-api/internal/store/gormstore/store.go:1588.2,1590.274 3 0
eregen.dev/admin-api/internal/store/gormstore/store.go:1590.274,1590.300 1 0
eregen.dev/admin-api/internal/store/gormstore/store.go:1590.300,1590.325 1 0
eregen.dev/admin-api/internal/store/gormstore/store.go:1590.327,1590.335 1 0
eregen.dev/admin-api/internal/store/gormstore/store.go:1590.460,1590.492 1 0
eregen.dev/admin-api/internal/store/gormstore/store.go:1590.492,1590.523 1 0
eregen.dev/admin-api/internal/store/gormstore/store.go:1590.525,1590.533 1 0
eregen.dev/admin-api/internal/store/gormstore/store.go:1591.2,1591.48 1 0
eregen.dev/admin-api/internal/store/gormstore/store.go:1594.98,1596.84 2 0
eregen.dev/admin-api/internal/store/gormstore/store.go:1596.84,1598.3 1 0
eregen.dev/admin-api/internal/store/gormstore/store.go:1599.2,1599.420 1 0
eregen.dev/admin-api/internal/store/gormstore/store.go:1602.125,1604.18 2 0
eregen.dev/admin-api/internal/store/gormstore/store.go:1604.18,1606.3 1 0
eregen.dev/admin-api/internal/store/gormstore/store.go:1607.2,1607.30 1 0
eregen.dev/admin-api/internal/store/gormstore/store.go:1607.30,1609.3 1 0
eregen.dev/admin-api/internal/store/gormstore/store.go:1610.2,1611.49 2 0
eregen.dev/admin-api/internal/store/gormstore/store.go:1611.49,1613.3 1 0
eregen.dev/admin-api/internal/store/gormstore/store.go:1614.2,1615.26 2 0
eregen.dev/admin-api/internal/store/gormstore/store.go:1615.26,1617.3 1 0
eregen.dev/admin-api/internal/store/gormstore/store.go:1618.2,1618.20 1 0
eregen.dev/admin-api/internal/store/gormstore/store.go:1621.90,1624.2 2 0
eregen.dev/admin-api/internal/store/gormstore/store.go:1626.76,1628.2 1 0
eregen.dev/admin-api/internal/store/gormstore/store.go:1630.101,1631.24 1 0
eregen.dev/admin-api/internal/store/gormstore/store.go:1631.24,1633.17 2 0
eregen.dev/admin-api/internal/store/gormstore/store.go:1633.17,1635.4 1 0
eregen.dev/admin-api/internal/store/gormstore/store.go:1636.3,1638.275 3 0
eregen.dev/admin-api/internal/store/gormstore/store.go:1638.275,1638.301 1 0
eregen.dev/admin-api/internal/store/gormstore/store.go:1638.301,1638.326 1 0
eregen.dev/admin-api/internal/store/gormstore/store.go:1638.328,1638.336 1 0
eregen.dev/admin-api/internal/store/gormstore/store.go:1639.3,1639.63 1 0
eregen.dev/admin-api/internal/store/gormstore/store.go:1639.63,1641.4 1 0
eregen.dev/admin-api/internal/store/gormstore/store.go:1643.2,1643.12 1 0
eregen.dev/admin-api/internal/store/gormstore/store.go:1646.97,1665.2 18 0
eregen.dev/admin-api/internal/store/gormstore/store.go:1667.101,1668.16 1 0
eregen.dev/admin-api/internal/store/gormstore/store.go:1668.16,1670.3 1 0
eregen.dev/admin-api/internal/store/gormstore/store.go:1671.2,1674.48 4 0
eregen.dev/admin-api/internal/store/gormstore/store.go:1677.115,1679.97 2 0
eregen.dev/admin-api/internal/store/gormstore/store.go:1679.97,1681.3 1 0
eregen.dev/admin-api/internal/store/gormstore/store.go:1682.2,1682.231 1 0
eregen.dev/admin-api/internal/store/gormstore/store.go:1685.136,1687.18 2 0
eregen.dev/admin-api/internal/store/gormstore/store.go:1687.18,1689.3 1 0
eregen.dev/admin-api/internal/store/gormstore/store.go:1690.2,1690.30 1 0
eregen.dev/admin-api/internal/store/gormstore/store.go:1690.30,1692.3 1 0
eregen.dev/admin-api/internal/store/gormstore/store.go:1693.2,1694.49 2 0
eregen.dev/admin-api/internal/store/gormstore/store.go:1694.49,1696.3 1 0
eregen.dev/admin-api/internal/store/gormstore/store.go:1697.2,1698.26 2 0
eregen.dev/admin-api/internal/store/gormstore/store.go:1698.26,1700.3 1 0
eregen.dev/admin-api/internal/store/gormstore/store.go:1701.2,1701.20 1 0
eregen.dev/admin-api/internal/store/gormstore/store.go:1704.101,1707.2 2 0
eregen.dev/admin-api/internal/store/gormstore/store.go:1709.95,1713.2 3 0
eregen.dev/admin-api/internal/store/gormstore/store.go:1715.89,1717.2 1 0
eregen.dev/admin-api/internal/store/gormstore/store.go:1719.103,1720.16 1 0
eregen.dev/admin-api/internal/store/gormstore/store.go:1720.16,1722.3 1 0
eregen.dev/admin-api/internal/store/gormstore/store.go:1723.2,1726.48 4 0
eregen.dev/admin-api/internal/store/gormstore/store.go:1729.103,1732.2 2 0
eregen.dev/admin-api/internal/store/gormstore/store.go:1734.103,1736.87 2 0
eregen.dev/admin-api/internal/store/gormstore/store.go:1736.87,1738.3 1 0
eregen.dev/admin-api/internal/store/gormstore/store.go:1739.2,1740.26 2 0
eregen.dev/admin-api/internal/store/gormstore/store.go:1740.26,1742.3 1 0
eregen.dev/admin-api/internal/store/gormstore/store.go:1743.2,1743.20 1 0
eregen.dev/admin-api/internal/store/gormstore/store.go:1746.116,1748.95 2 0
eregen.dev/admin-api/internal/store/gormstore/store.go:1748.95,1750.3 1 0
eregen.dev/admin-api/internal/store/gormstore/store.go:1751.2,1751.220 1 0
eregen.dev/admin-api/internal/store/gormstore/store.go:1754.93,1755.16 1 0
eregen.dev/admin-api/internal/store/gormstore/store.go:1755.16,1757.3 1 0
eregen.dev/admin-api/internal/store/gormstore/store.go:1758.2,1760.48 3 0
eregen.dev/admin-api/internal/store/gormstore/store.go:1763.86,1765.2 1 0
eregen.dev/admin-api/internal/store/gormstore/store.go:1767.114,1769.119 2 0
eregen.dev/admin-api/internal/store/gormstore/store.go:1769.119,1771.3 1 0
eregen.dev/admin-api/internal/store/gormstore/store.go:1772.2,1773.26 2 0
eregen.dev/admin-api/internal/store/gormstore/store.go:1773.26,1775.3 1 0
eregen.dev/admin-api/internal/store/gormstore/store.go:1776.2,1776.20 1 0
eregen.dev/admin-api/internal/store/gormstore/store.go:1779.95,1780.16 1 0
eregen.dev/admin-api/internal/store/gormstore/store.go:1780.16,1782.3 1 0
eregen.dev/admin-api/internal/store/gormstore/store.go:1783.2,1785.48 3 0
eregen.dev/admin-api/internal/store/gormstore/store.go:1788.151,1790.19 2 0
eregen.dev/admin-api/internal/store/gormstore/store.go:1790.19,1792.3 1 0
eregen.dev/admin-api/internal/store/gormstore/store.go:1793.2,1793.18 1 0
eregen.dev/admin-api/internal/store/gormstore/store.go:1793.18,1795.3 1 0
eregen.dev/admin-api/internal/store/gormstore/store.go:1796.2,1796.22 1 0
eregen.dev/admin-api/internal/store/gormstore/store.go:1796.22,1798.3 1 0
eregen.dev/admin-api/internal/store/gormstore/store.go:1799.2,1799.30 1 0
eregen.dev/admin-api/internal/store/gormstore/store.go:1799.30,1801.3 1 0
eregen.dev/admin-api/internal/store/gormstore/store.go:1802.2,1803.49 2 0
eregen.dev/admin-api/internal/store/gormstore/store.go:1803.49,1805.3 1 0
eregen.dev/admin-api/internal/store/gormstore/store.go:1806.2,1807.26 2 0
eregen.dev/admin-api/internal/store/gormstore/store.go:1807.26,1809.3 1 0
eregen.dev/admin-api/internal/store/gormstore/store.go:1810.2,1810.20 1 0
eregen.dev/admin-api/internal/store/gormstore/store.go:1813.117,1815.144 2 0
eregen.dev/admin-api/internal/store/gormstore/store.go:1815.144,1817.3 1 0
eregen.dev/admin-api/internal/store/gormstore/store.go:1818.2,1818.356 1 0
eregen.dev/admin-api/internal/store/gormstore/store.go:1821.93,1822.16 1 0
eregen.dev/admin-api/internal/store/gormstore/store.go:1822.16,1824.3 1 0
eregen.dev/admin-api/internal/store/gormstore/store.go:1825.2,1827.48 3 0
eregen.dev/admin-api/internal/store/gormstore/store.go:1830.137,1832.19 2 0
eregen.dev/admin-api/internal/store/gormstore/store.go:1832.19,1834.3 1 0
eregen.dev/admin-api/internal/store/gormstore/store.go:1835.2,1835.18 1 0
eregen.dev/admin-api/internal/store/gormstore/store.go:1835.18,1837.3 1 0
eregen.dev/admin-api/internal/store/gormstore/store.go:1838.2,1838.30 1 0
eregen.dev/admin-api/internal/store/gormstore/store.go:1838.30,1840.3 1 0
eregen.dev/admin-api/internal/store/gormstore/store.go:1841.2,1842.49 2 0
eregen.dev/admin-api/internal/store/gormstore/store.go:1842.49,1844.3 1 0
eregen.dev/admin-api/internal/store/gormstore/store.go:1845.2,1846.26 2 0
eregen.dev/admin-api/internal/store/gormstore/store.go:1846.26,1848.3 1 0
eregen.dev/admin-api/internal/store/gormstore/store.go:1849.2,1849.20 1 0
eregen.dev/admin-api/internal/store/gormstore/store.go:1852.95,1853.16 1 0
eregen.dev/admin-api/internal/store/gormstore/store.go:1853.16,1855.3 1 0
eregen.dev/admin-api/internal/store/gormstore/store.go:1856.2,1858.48 3 0
eregen.dev/admin-api/internal/store/gormstore/store.go:1861.114,1863.30 2 0
eregen.dev/admin-api/internal/store/gormstore/store.go:1863.30,1865.3 1 0
eregen.dev/admin-api/internal/store/gormstore/store.go:1866.2,1867.49 2 0
eregen.dev/admin-api/internal/store/gormstore/store.go:1867.49,1869.3 1 0
eregen.dev/admin-api/internal/store/gormstore/store.go:1870.2,1871.26 2 0
eregen.dev/admin-api/internal/store/gormstore/store.go:1871.26,1873.3 1 0
eregen.dev/admin-api/internal/store/gormstore/store.go:1874.2,1874.20 1 0
eregen.dev/admin-api/internal/store/gormstore/store.go:1877.98,1879.89 2 0
eregen.dev/admin-api/internal/store/gormstore/store.go:1879.89,1881.3 1 0
eregen.dev/admin-api/internal/store/gormstore/store.go:1882.2,1882.312 1 0
eregen.dev/admin-api/internal/store/gormstore/store.go:1885.95,1886.16 1 0
eregen.dev/admin-api/internal/store/gormstore/store.go:1886.16,1888.3 1 0
eregen.dev/admin-api/internal/store/gormstore/store.go:1889.2,1891.48 3 0
eregen.dev/admin-api/internal/store/gormstore/store.go:1894.108,1896.26 2 0
eregen.dev/admin-api/internal/store/gormstore/store.go:1896.26,1898.17 2 0
eregen.dev/admin-api/internal/store/gormstore/store.go:1898.17,1900.4 1 0
eregen.dev/admin-api/internal/store/gormstore/store.go:1901.3,1903.65 3 0
eregen.dev/admin-api/internal/store/gormstore/store.go:1903.65,1905.4 1 0
eregen.dev/admin-api/internal/store/gormstore/store.go:1907.2,1907.12 1 0
eregen.dev/admin-api/internal/store/gormstore/store.go:1910.131,1912.19 2 0
eregen.dev/admin-api/internal/store/gormstore/store.go:1912.19,1914.3 1 0
eregen.dev/admin-api/internal/store/gormstore/store.go:1915.2,1915.30 1 0
eregen.dev/admin-api/internal/store/gormstore/store.go:1915.30,1917.3 1 0
eregen.dev/admin-api/internal/store/gormstore/store.go:1918.2,1919.49 2 0
eregen.dev/admin-api/internal/store/gormstore/store.go:1919.49,1921.3 1 0
eregen.dev/admin-api/internal/store/gormstore/store.go:1922.2,1923.26 2 0
eregen.dev/admin-api/internal/store/gormstore/store.go:1923.26,1925.3 1 0
eregen.dev/admin-api/internal/store/gormstore/store.go:1926.2,1926.20 1 0
eregen.dev/admin-api/internal/store/gormstore/store.go:1929.110,1931.2 1 0
eregen.dev/admin-api/internal/store/gormstore/store.go:1933.74,1937.2 3 0
eregen.dev/admin-api/internal/store/gormstore/store.go:1939.137,1941.17 2 0
eregen.dev/admin-api/internal/store/gormstore/store.go:1941.17,1943.3 1 0
eregen.dev/admin-api/internal/store/gormstore/store.go:1944.2,1945.74 2 0
eregen.dev/admin-api/internal/store/gormstore/store.go:1945.74,1947.3 1 0
eregen.dev/admin-api/internal/store/gormstore/store.go:1948.2,1949.26 2 0
eregen.dev/admin-api/internal/store/gormstore/store.go:1949.26,1960.3 1 0
eregen.dev/admin-api/internal/store/gormstore/store.go:1961.2,1961.20 1 0
eregen.dev/admin-api/internal/store/gormstore/store.go:1964.95,1975.18 2 0
eregen.dev/admin-api/internal/store/gormstore/store.go:1975.18,1977.3 1 0
eregen.dev/admin-api/internal/store/gormstore/store.go:1978.2,1978.48 1 0
eregen.dev/admin-api/internal/store/gormstore/store.go:1981.102,1982.23 1 0
eregen.dev/admin-api/internal/store/gormstore/store.go:1982.23,1984.3 1 0
eregen.dev/admin-api/internal/store/gormstore/store.go:1985.2,1986.107 2 0
eregen.dev/admin-api/internal/store/gormstore/store.go:1989.78,1991.2 1 0
eregen.dev/admin-api/internal/store/gormstore/store.go:1993.100,2000.18 2 0
eregen.dev/admin-api/internal/store/gormstore/store.go:2000.18,2002.3 1 0
eregen.dev/admin-api/internal/store/gormstore/store.go:2003.2,2003.48 1 0
eregen.dev/admin-api/internal/store/gormstore/store.go:2006.155,2008.17 2 0
eregen.dev/admin-api/internal/store/gormstore/store.go:2008.17,2010.3 1 0
eregen.dev/admin-api/internal/store/gormstore/store.go:2011.2,2011.15 1 0
eregen.dev/admin-api/internal/store/gormstore/store.go:2011.15,2013.3 1 0
eregen.dev/admin-api/internal/store/gormstore/store.go:2014.2,2016.49 3 0
eregen.dev/admin-api/internal/store/gormstore/store.go:2016.49,2018.3 1 0
eregen.dev/admin-api/internal/store/gormstore/store.go:2019.2,2020.26 2 0
eregen.dev/admin-api/internal/store/gormstore/store.go:2020.26,2027.3 1 0
eregen.dev/admin-api/internal/store/gormstore/store.go:2028.2,2028.20 1 0
eregen.dev/admin-api/internal/store/gormstore/store.go:2031.89,2041.2 4 0
eregen.dev/admin-api/internal/store/gormstore/store.go:2043.98,2045.119 2 0
eregen.dev/admin-api/internal/store/gormstore/store.go:2045.119,2047.3 1 0
eregen.dev/admin-api/internal/store/gormstore/store.go:2048.2,2049.26 2 0
eregen.dev/admin-api/internal/store/gormstore/store.go:2049.26,2055.3 1 0
eregen.dev/admin-api/internal/store/gormstore/store.go:2056.2,2056.20 1 0
eregen.dev/admin-api/internal/store/gormstore/store.go:2059.117,2061.146 2 0
eregen.dev/admin-api/internal/store/gormstore/store.go:2061.146,2063.3 1 0
eregen.dev/admin-api/internal/store/gormstore/store.go:2064.2,2065.26 2 0
eregen.dev/admin-api/internal/store/gormstore/store.go:2065.26,2071.3 1 0
eregen.dev/admin-api/internal/store/gormstore/store.go:2072.2,2072.20 1 0
eregen.dev/admin-api/internal/store/gormstore/store.go:2075.73,2077.2 1 0
eregen.dev/admin-api/internal/store/gormstore/store.go:2079.112,2085.16 3 0
eregen.dev/admin-api/internal/store/gormstore/store.go:2085.16,2087.3 1 0
eregen.dev/admin-api/internal/store/gormstore/store.go:2088.2,2088.19 1 0
eregen.dev/admin-api/internal/store/gormstore/store.go:2091.80,2099.18 2 0
eregen.dev/admin-api/internal/store/gormstore/store.go:2099.18,2101.3 1 0
eregen.dev/admin-api/internal/store/gormstore/store.go:2102.2,2102.33 1 0
eregen.dev/admin-api/internal/store/gormstore/store.go:2102.33,2105.3 2 0
eregen.dev/admin-api/internal/store/gormstore/store.go:2106.2,2106.35 1 0
eregen.dev/admin-api/internal/store/gormstore/store.go:2106.35,2109.3 2 0
eregen.dev/admin-api/internal/store/gormstore/store.go:2110.2,2110.48 1 0
eregen.dev/admin-api/internal/store/gormstore/store.go:2113.88,2115.84 2 0
eregen.dev/admin-api/internal/store/gormstore/store.go:2115.84,2117.3 1 0
eregen.dev/admin-api/internal/store/gormstore/store.go:2118.2,2125.35 2 0
eregen.dev/admin-api/internal/store/gormstore/store.go:2125.35,2128.3 2 0
eregen.dev/admin-api/internal/store/gormstore/store.go:2129.2,2129.37 1 0
eregen.dev/admin-api/internal/store/gormstore/store.go:2129.37,2132.3 2 0
eregen.dev/admin-api/internal/store/gormstore/store.go:2133.2,2133.15 1 0
eregen.dev/admin-api/internal/store/gormstore/store.go:2136.107,2138.125 2 0
eregen.dev/admin-api/internal/store/gormstore/store.go:2138.125,2140.3 1 0
eregen.dev/admin-api/internal/store/gormstore/store.go:2141.2,2142.26 2 0
eregen.dev/admin-api/internal/store/gormstore/store.go:2142.26,2150.34 2 0
eregen.dev/admin-api/internal/store/gormstore/store.go:2150.34,2153.4 2 0
eregen.dev/admin-api/internal/store/gormstore/store.go:2154.3,2154.36 1 0
eregen.dev/admin-api/internal/store/gormstore/store.go:2154.36,2157.4 2 0
eregen.dev/admin-api/internal/store/gormstore/store.go:2158.3,2158.19 1 0
eregen.dev/admin-api/internal/store/gormstore/store.go:2160.2,2160.20 1 0
eregen.dev/admin-api/internal/store/gormstore/store.go:2163.95,2164.23 1 0
eregen.dev/admin-api/internal/store/gormstore/store.go:2164.23,2166.3 1 0
eregen.dev/admin-api/internal/store/gormstore/store.go:2167.2,2168.104 2 0
eregen.dev/admin-api/internal/store/gormstore/store.go:2171.71,2173.2 1 0
eregen.dev/admin-api/internal/store/gormstore/store.go:2175.92,2183.18 2 0
eregen.dev/admin-api/internal/store/gormstore/store.go:2183.18,2185.3 1 0
eregen.dev/admin-api/internal/store/gormstore/store.go:2186.2,2186.48 1 0
eregen.dev/admin-api/internal/store/gormstore/store.go:2189.137,2191.17 2 0
eregen.dev/admin-api/internal/store/gormstore/store.go:2191.17,2193.3 1 0
eregen.dev/admin-api/internal/store/gormstore/store.go:2194.2,2196.49 3 0
eregen.dev/admin-api/internal/store/gormstore/store.go:2196.49,2198.3 1 0
eregen.dev/admin-api/internal/store/gormstore/store.go:2199.2,2200.26 2 0
eregen.dev/admin-api/internal/store/gormstore/store.go:2200.26,2208.3 1 0
eregen.dev/admin-api/internal/store/gormstore/store.go:2209.2,2209.20 1 0
eregen.dev/admin-api/internal/store/gormstore/store.go:2212.167,2214.16 2 0
eregen.dev/admin-api/internal/store/gormstore/store.go:2214.16,2216.3 1 0
eregen.dev/admin-api/internal/store/gormstore/store.go:2217.2,2217.19 1 0
eregen.dev/admin-api/internal/store/gormstore/store.go:2220.100,2227.18 2 0
eregen.dev/admin-api/internal/store/gormstore/store.go:2227.18,2229.3 1 0
eregen.dev/admin-api/internal/store/gormstore/store.go:2230.2,2230.48 1 0
eregen.dev/admin-api/internal/store/gormstore/store.go:2233.156,2237.15 2 0
eregen.dev/admin-api/internal/store/gormstore/store.go:2237.15,2239.3 1 0
eregen.dev/admin-api/internal/store/gormstore/store.go:2240.2,2241.49 2 0
eregen.dev/admin-api/internal/store/gormstore/store.go:2241.49,2243.3 1 0
eregen.dev/admin-api/internal/store/gormstore/store.go:2244.2,2245.26 2 0
eregen.dev/admin-api/internal/store/gormstore/store.go:2245.26,2252.3 1 0
eregen.dev/admin-api/internal/store/gormstore/store.go:2253.2,2253.20 1 0
eregen.dev/admin-api/internal/store/gormstore/store.go:2256.96,2261.18 2 0
eregen.dev/admin-api/internal/store/gormstore/store.go:2261.18,2263.3 1 0
eregen.dev/admin-api/internal/store/gormstore/store.go:2264.2,2264.48 1 0
eregen.dev/admin-api/internal/store/gormstore/store.go:2267.123,2269.125 2 0
eregen.dev/admin-api/internal/store/gormstore/store.go:2269.125,2271.3 1 0
eregen.dev/admin-api/internal/store/gormstore/store.go:2272.2,2273.26 2 0
eregen.dev/admin-api/internal/store/gormstore/store.go:2273.26,2278.3 1 0
eregen.dev/admin-api/internal/store/gormstore/store.go:2279.2,2279.20 1 0
eregen.dev/admin-api/internal/store/gormstore/store.go:2282.80,2283.16 1 0
eregen.dev/admin-api/internal/store/gormstore/store.go:2283.16,2285.3 1 0
eregen.dev/admin-api/internal/store/gormstore/store.go:2286.2,2286.20 1 0
eregen.dev/admin-api/internal/store/gormstore/store.go:2286.20,2288.3 1 0
eregen.dev/admin-api/internal/store/gormstore/store.go:2289.2,2295.48 2 0
eregen.dev/admin-api/internal/store/gormstore/store.go:2298.135,2300.15 2 0
eregen.dev/admin-api/internal/store/gormstore/store.go:2300.15,2302.3 1 0
eregen.dev/admin-api/internal/store/gormstore/store.go:2303.2,2305.49 3 0
eregen.dev/admin-api/internal/store/gormstore/store.go:2305.49,2307.3 1 0
eregen.dev/admin-api/internal/store/gormstore/store.go:2308.2,2309.26 2 0
eregen.dev/admin-api/internal/store/gormstore/store.go:2309.26,2314.3 1 0
eregen.dev/admin-api/internal/store/gormstore/store.go:2315.2,2315.20 1 0
eregen.dev/admin-api/internal/store/gormstore/store.go:2318.90,2324.18 2 0
eregen.dev/admin-api/internal/store/gormstore/store.go:2324.18,2326.3 1 0
eregen.dev/admin-api/internal/store/gormstore/store.go:2327.2,2327.48 1 0
eregen.dev/admin-api/internal/store/gormstore/store.go:2330.117,2332.125 2 0
eregen.dev/admin-api/internal/store/gormstore/store.go:2332.125,2334.3 1 0
eregen.dev/admin-api/internal/store/gormstore/store.go:2335.2,2336.26 2 0
eregen.dev/admin-api/internal/store/gormstore/store.go:2336.26,2343.3 1 0
eregen.dev/admin-api/internal/store/gormstore/store.go:2344.2,2344.20 1 0
eregen.dev/admin-api/internal/store/gormstore/store.go:2347.123,2357.64 3 0
eregen.dev/admin-api/internal/store/gormstore/store.go:2357.64,2359.3 1 0
eregen.dev/admin-api/internal/store/gormstore/store.go:2360.2,2360.19 1 0
eregen.dev/admin-api/internal/store/gormstore/store.go:2363.120,2365.15 2 0
eregen.dev/admin-api/internal/store/gormstore/store.go:2365.15,2367.3 1 0
eregen.dev/admin-api/internal/store/gormstore/store.go:2368.2,2370.49 3 0
eregen.dev/admin-api/internal/store/gormstore/store.go:2370.49,2372.3 1 0
eregen.dev/admin-api/internal/store/gormstore/store.go:2373.2,2374.26 2 0
eregen.dev/admin-api/internal/store/gormstore/store.go:2374.26,2381.3 1 0
eregen.dev/admin-api/internal/store/gormstore/store.go:2382.2,2382.20 1 0
eregen.dev/admin-api/internal/store/gormstore/store.go:2385.120,2389.2 1 0
eregen.dev/admin-api/internal/store/gormstore/store.go:2391.85,2399.2 4 0
eregen.dev/admin-api/internal/store/gormstore/store.go:2401.132,2403.17 2 0
eregen.dev/admin-api/internal/store/gormstore/store.go:2403.17,2405.3 1 0
eregen.dev/admin-api/internal/store/gormstore/store.go:2406.2,2407.74 2 0
eregen.dev/admin-api/internal/store/gormstore/store.go:2407.74,2409.3 1 0
eregen.dev/admin-api/internal/store/gormstore/store.go:2410.2,2411.26 2 0
eregen.dev/admin-api/internal/store/gormstore/store.go:2411.26,2416.3 1 0
eregen.dev/admin-api/internal/store/gormstore/store.go:2417.2,2417.20 1 0
eregen.dev/admin-api/internal/store/gormstore/store.go:2420.106,2423.72 2 0
eregen.dev/admin-api/internal/store/gormstore/store.go:2423.72,2425.3 1 0
eregen.dev/admin-api/internal/store/gormstore/store.go:2426.2,2427.28 2 0
eregen.dev/admin-api/internal/store/gormstore/store.go:2427.28,2432.3 1 0
eregen.dev/admin-api/internal/store/gormstore/store.go:2433.2,2433.20 1 0
eregen.dev/admin-api/internal/store/gormstore/store.go:2436.102,2442.18 2 0
eregen.dev/admin-api/internal/store/gormstore/store.go:2442.18,2444.3 1 0
eregen.dev/admin-api/internal/store/gormstore/store.go:2445.2,2445.48 1 0
eregen.dev/admin-api/internal/store/gormstore/store.go:2448.129,2450.125 2 0
eregen.dev/admin-api/internal/store/gormstore/store.go:2450.125,2452.3 1 0
eregen.dev/admin-api/internal/store/gormstore/store.go:2453.2,2454.26 2 0
eregen.dev/admin-api/internal/store/gormstore/store.go:2454.26,2460.3 1 0
eregen.dev/admin-api/internal/store/gormstore/store.go:2461.2,2461.20 1 0
eregen.dev/admin-api/internal/store/gormstore/store.go:2464.92,2470.18 2 0
eregen.dev/admin-api/internal/store/gormstore/store.go:2470.18,2472.3 1 0
eregen.dev/admin-api/internal/store/gormstore/store.go:2473.2,2473.48 1 0
eregen.dev/admin-api/internal/store/gormstore/store.go:2476.125,2478.19 2 0
eregen.dev/admin-api/internal/store/gormstore/store.go:2478.19,2480.3 1 0
eregen.dev/admin-api/internal/store/gormstore/store.go:2481.2,2481.19 1 0
eregen.dev/admin-api/internal/store/gormstore/store.go:2481.19,2483.3 1 0
eregen.dev/admin-api/internal/store/gormstore/store.go:2484.2,2484.109 1 0
eregen.dev/admin-api/internal/store/gormstore/store.go:2487.147,2489.15 2 0
eregen.dev/admin-api/internal/store/gormstore/store.go:2489.15,2491.3 1 0
eregen.dev/admin-api/internal/store/gormstore/store.go:2492.2,2494.49 3 0
eregen.dev/admin-api/internal/store/gormstore/store.go:2494.49,2496.3 1 0
eregen.dev/admin-api/internal/store/gormstore/store.go:2497.2,2498.26 2 0
eregen.dev/admin-api/internal/store/gormstore/store.go:2498.26,2505.3 1 0
eregen.dev/admin-api/internal/store/gormstore/store.go:2506.2,2506.20 1 0
eregen.dev/admin-api/internal/store/gormstore/store.go:2509.90,2521.18 2 0
eregen.dev/admin-api/internal/store/gormstore/store.go:2521.18,2523.3 1 0
eregen.dev/admin-api/internal/store/gormstore/store.go:2524.2,2524.48 1 0
eregen.dev/admin-api/internal/store/gormstore/store.go:2527.164,2529.17 2 0
eregen.dev/admin-api/internal/store/gormstore/store.go:2529.17,2531.3 1 0
eregen.dev/admin-api/internal/store/gormstore/store.go:2532.2,2532.22 1 0
eregen.dev/admin-api/internal/store/gormstore/store.go:2532.22,2534.3 1 0
eregen.dev/admin-api/internal/store/gormstore/store.go:2535.2,2535.15 1 0
eregen.dev/admin-api/internal/store/gormstore/store.go:2535.15,2537.3 1 0
eregen.dev/admin-api/internal/store/gormstore/store.go:2538.2,2540.49 3 0
eregen.dev/admin-api/internal/store/gormstore/store.go:2540.49,2542.3 1 0
eregen.dev/admin-api/internal/store/gormstore/store.go:2543.2,2544.26 2 0
eregen.dev/admin-api/internal/store/gormstore/store.go:2544.26,2554.3 1 0
eregen.dev/admin-api/internal/store/gormstore/store.go:2555.2,2555.20 1 0
eregen.dev/admin-api/internal/store/gormstore/store.go:2558.137,2560.127 2 0
eregen.dev/admin-api/internal/store/gormstore/store.go:2560.127,2561.45 1 0
eregen.dev/admin-api/internal/store/gormstore/store.go:2561.45,2563.4 1 0
eregen.dev/admin-api/internal/store/gormstore/store.go:2564.3,2564.18 1 0
eregen.dev/admin-api/internal/store/gormstore/store.go:2566.2,2574.8 1 0
eregen.dev/admin-api/internal/store/gormstore/store.go:2577.97,2589.2 2 0
eregen.dev/admin-api/internal/handler/admission_handler.go:22.59,24.2 1 0
eregen.dev/admin-api/internal/handler/admission_handler.go:27.59,31.16 4 0
eregen.dev/admin-api/internal/handler/admission_handler.go:31.16,34.3 2 0
eregen.dev/admin-api/internal/handler/admission_handler.go:36.2,39.16 4 0
eregen.dev/admin-api/internal/handler/admission_handler.go:39.16,42.3 2 0
eregen.dev/admin-api/internal/handler/admission_handler.go:43.2,48.4 1 0
eregen.dev/admin-api/internal/handler/admission_handler.go:52.57,62.47 2 0
eregen.dev/admin-api/internal/handler/admission_handler.go:62.47,65.3 2 0
eregen.dev/admin-api/internal/handler/admission_handler.go:67.2,76.30 2 0
eregen.dev/admin-api/internal/handler/admission_handler.go:76.30,79.3 2 0
eregen.dev/admin-api/internal/handler/admission_handler.go:81.2,81.80 1 0
eregen.dev/admin-api/internal/handler/admission_handler.go:81.80,84.3 2 0
eregen.dev/admin-api/internal/handler/admission_handler.go:87.2,91.68 2 0
eregen.dev/admin-api/internal/handler/admission_handler.go:95.61,102.48 3 0
eregen.dev/admin-api/internal/handler/admission_handler.go:102.48,105.3 2 0
eregen.dev/admin-api/internal/handler/admission_handler.go:107.2,107.136 1 0
eregen.dev/admin-api/internal/handler/admission_handler.go:107.136,110.3 2 0
eregen.dev/admin-api/internal/handler/admission_handler.go:111.2,111.55 1 0
eregen.dev/admin-api/internal/handler/admission_handler.go:115.57,118.16 3 0
eregen.dev/admin-api/internal/handler/admission_handler.go:118.16,121.3 2 0
eregen.dev/admin-api/internal/handler/admission_handler.go:122.2,122.60 1 0
eregen.dev/admin-api/internal/handler/admission_handler.go:126.62,130.49 4 0
eregen.dev/admin-api/internal/handler/admission_handler.go:130.49,133.3 2 0
eregen.dev/admin-api/internal/handler/admission_handler.go:134.2,135.77 2 0
eregen.dev/admin-api/internal/handler/admission_handler.go:135.77,138.3 2 0
eregen.dev/admin-api/internal/handler/admission_handler.go:139.2,139.64 1 0
eregen.dev/admin-api/internal/handler/alert.go:20.51,22.2 1 0
eregen.dev/admin-api/internal/handler/alert.go:25.48,27.75 2 0
eregen.dev/admin-api/internal/handler/alert.go:27.75,30.3 2 0
eregen.dev/admin-api/internal/handler/alert.go:32.2,32.78 1 0
eregen.dev/admin-api/internal/handler/alert.go:32.78,34.3 1 0
eregen.dev/admin-api/internal/handler/alert.go:35.2,35.68 1 0
eregen.dev/admin-api/internal/handler/alert.go:39.52,41.96 2 0
eregen.dev/admin-api/internal/handler/alert.go:41.96,44.3 2 0
eregen.dev/admin-api/internal/handler/alert.go:45.2,45.78 1 0
eregen.dev/admin-api/internal/handler/alert.go:45.78,47.3 1 0
eregen.dev/admin-api/internal/handler/alert.go:48.2,48.72 1 0
eregen.dev/admin-api/internal/handler/alert.go:52.47,59.48 2 0
eregen.dev/admin-api/internal/handler/alert.go:59.48,62.3 2 0
eregen.dev/admin-api/internal/handler/alert.go:63.2,70.72 2 0
eregen.dev/admin-api/internal/handler/alert.go:70.72,73.3 2 0
eregen.dev/admin-api/internal/handler/alert.go:74.2,74.64 1 0
eregen.dev/admin-api/internal/handler/alert.go:79.45,82.42 2 0
eregen.dev/admin-api/internal/handler/alert.go:82.42,83.89 1 0
eregen.dev/admin-api/internal/handler/alert.go:83.89,86.4 2 0
eregen.dev/admin-api/internal/handler/alert.go:88.2,88.46 1 0
eregen.dev/admin-api/internal/handler/alert.go:88.46,89.90 1 0
eregen.dev/admin-api/internal/handler/alert.go:89.90,92.4 2 0
eregen.dev/admin-api/internal/handler/alert.go:95.2,97.30 2 0
eregen.dev/admin-api/internal/handler/alert.go:97.30,99.3 1 0
eregen.dev/admin-api/internal/handler/alert.go:101.2,102.16 2 0
eregen.dev/admin-api/internal/handler/alert.go:102.16,105.3 2 0
eregen.dev/admin-api/internal/handler/alert.go:106.2,106.60 1 0
eregen.dev/admin-api/internal/handler/alert.go:110.39,112.2 1 0
eregen.dev/admin-api/internal/handler/alert_rule_handler.go:17.59,19.2 1 0
eregen.dev/admin-api/internal/handler/alert_rule_handler.go:22.49,25.16 3 0
eregen.dev/admin-api/internal/handler/alert_rule_handler.go:25.16,28.3 2 0
eregen.dev/admin-api/internal/handler/alert_rule_handler.go:29.2,29.59 1 0
eregen.dev/admin-api/internal/handler/alert_rule_handler.go:33.51,40.45 2 0
eregen.dev/admin-api/internal/handler/alert_rule_handler.go:40.45,43.3 2 0
eregen.dev/admin-api/internal/handler/alert_rule_handler.go:44.2,53.80 2 0
eregen.dev/admin-api/internal/handler/alert_rule_handler.go:53.80,56.3 2 0
eregen.dev/admin-api/internal/handler/alert_rule_handler.go:57.2,57.49 1 0
eregen.dev/admin-api/internal/handler/alert_rule_handler.go:61.51,64.51 3 0
eregen.dev/admin-api/internal/handler/alert_rule_handler.go:64.51,67.3 2 0
eregen.dev/admin-api/internal/handler/alert_rule_handler.go:68.2,68.82 1 0
eregen.dev/admin-api/internal/handler/alert_rule_handler.go:68.82,71.3 2 0
eregen.dev/admin-api/internal/handler/alert_rule_handler.go:72.2,72.44 1 0
eregen.dev/admin-api/internal/handler/alert_rule_handler.go:76.51,78.73 2 0
eregen.dev/admin-api/internal/handler/alert_rule_handler.go:78.73,81.3 2 0
eregen.dev/admin-api/internal/handler/alert_rule_handler.go:82.2,82.44 1 0
eregen.dev/admin-api/internal/handler/auth.go:18.87,20.2 1 0
eregen.dev/admin-api/internal/handler/auth.go:22.45,29.47 2 0
eregen.dev/admin-api/internal/handler/auth.go:29.47,32.3 2 0
eregen.dev/admin-api/internal/handler/auth.go:34.2,36.20 2 0
eregen.dev/admin-api/internal/handler/auth.go:36.20,38.17 2 0
eregen.dev/admin-api/internal/handler/auth.go:38.17,40.4 1 0
eregen.dev/admin-api/internal/handler/auth.go:40.9,42.4 1 0
eregen.dev/admin-api/internal/handler/auth.go:45.2,45.21 1 0
eregen.dev/admin-api/internal/handler/auth.go:45.21,49.3 3 0
eregen.dev/admin-api/internal/handler/auth.go:51.2,52.16 2 0
eregen.dev/admin-api/internal/handler/auth.go:52.16,56.3 3 0
eregen.dev/admin-api/internal/handler/auth.go:58.2,70.4 1 0
eregen.dev/admin-api/internal/handler/clinical_handler.go:21.57,23.2 1 0
eregen.dev/admin-api/internal/handler/clinical_handler.go:28.56,33.16 5 0
eregen.dev/admin-api/internal/handler/clinical_handler.go:33.16,36.3 2 0
eregen.dev/admin-api/internal/handler/clinical_handler.go:38.2,39.16 2 0
eregen.dev/admin-api/internal/handler/clinical_handler.go:39.16,42.3 2 0
eregen.dev/admin-api/internal/handler/clinical_handler.go:43.2,48.4 1 0
eregen.dev/admin-api/internal/handler/clinical_handler.go:52.57,54.45 2 0
eregen.dev/admin-api/internal/handler/clinical_handler.go:54.45,57.3 2 0
eregen.dev/admin-api/internal/handler/clinical_handler.go:58.2,58.71 1 0
eregen.dev/admin-api/internal/handler/clinical_handler.go:58.71,61.3 2 0
eregen.dev/admin-api/internal/handler/clinical_handler.go:62.2,62.60 1 0
eregen.dev/admin-api/internal/handler/clinical_handler.go:68.59,71.16 3 0
eregen.dev/admin-api/internal/handler/clinical_handler.go:71.16,74.3 2 0
eregen.dev/admin-api/internal/handler/clinical_handler.go:75.2,75.59 1 0
eregen.dev/admin-api/internal/handler/clinical_handler.go:79.60,81.45 2 0
eregen.dev/admin-api/internal/handler/clinical_handler.go:81.45,84.3 2 0
eregen.dev/admin-api/internal/handler/clinical_handler.go:85.2,85.74 1 0
eregen.dev/admin-api/internal/handler/clinical_handler.go:85.74,88.3 2 0
eregen.dev/admin-api/internal/handler/clinical_handler.go:89.2,89.60 1 0
eregen.dev/admin-api/internal/handler/clinical_handler.go:95.59,98.16 3 0
eregen.dev/admin-api/internal/handler/clinical_handler.go:98.16,101.3 2 0
eregen.dev/admin-api/internal/handler/clinical_handler.go:102.2,102.59 1 0
eregen.dev/admin-api/internal/handler/clinical_handler.go:106.60,108.45 2 0
eregen.dev/admin-api/internal/handler/clinical_handler.go:108.45,111.3 2 0
eregen.dev/admin-api/internal/handler/clinical_handler.go:112.2,112.74 1 0
eregen.dev/admin-api/internal/handler/clinical_handler.go:112.74,115.3 2 0
eregen.dev/admin-api/internal/handler/clinical_handler.go:116.2,116.60 1 0
eregen.dev/admin-api/internal/handler/clinical_handler.go:122.60,126.16 4 0
eregen.dev/admin-api/internal/handler/clinical_handler.go:126.16,129.3 2 0
eregen.dev/admin-api/internal/handler/clinical_handler.go:130.2,130.59 1 0
eregen.dev/admin-api/internal/handler/clinical_handler.go:134.60,136.45 2 0
eregen.dev/admin-api/internal/handler/clinical_handler.go:136.45,139.3 2 0
eregen.dev/admin-api/internal/handler/clinical_handler.go:140.2,140.74 1 0
eregen.dev/admin-api/internal/handler/clinical_handler.go:140.74,143.3 2 0
eregen.dev/admin-api/internal/handler/clinical_handler.go:144.2,144.60 1 0
eregen.dev/admin-api/internal/handler/clinical_handler.go:150.61,154.16 4 0
eregen.dev/admin-api/internal/handler/clinical_handler.go:154.16,157.3 2 0
eregen.dev/admin-api/internal/handler/clinical_handler.go:159.2,160.16 2 0
eregen.dev/admin-api/internal/handler/clinical_handler.go:160.16,163.3 2 0
eregen.dev/admin-api/internal/handler/clinical_handler.go:164.2,169.4 1 0
eregen.dev/admin-api/internal/handler/clinical_handler.go:173.62,175.45 2 0
eregen.dev/admin-api/internal/handler/clinical_handler.go:175.45,178.3 2 0
eregen.dev/admin-api/internal/handler/clinical_handler.go:179.2,179.76 1 0
eregen.dev/admin-api/internal/handler/clinical_handler.go:179.76,182.3 2 0
eregen.dev/admin-api/internal/handler/clinical_handler.go:183.2,183.60 1 0
eregen.dev/admin-api/internal/handler/clinical_handler.go:187.68,192.48 3 0
eregen.dev/admin-api/internal/handler/clinical_handler.go:192.48,195.3 2 0
eregen.dev/admin-api/internal/handler/clinical_handler.go:196.2,196.95 1 0
eregen.dev/admin-api/internal/handler/clinical_handler.go:196.95,199.3 2 0
eregen.dev/admin-api/internal/handler/clinical_handler.go:200.2,200.52 1 0
eregen.dev/admin-api/internal/handler/clinical_handler.go:204.69,206.16 2 0
eregen.dev/admin-api/internal/handler/clinical_handler.go:206.16,209.3 2 0
eregen.dev/admin-api/internal/handler/clinical_handler.go:210.2,210.59 1 0
eregen.dev/admin-api/internal/handler/clinical_handler.go:216.60,218.16 2 0
eregen.dev/admin-api/internal/handler/clinical_handler.go:218.16,221.3 2 0
eregen.dev/admin-api/internal/handler/clinical_handler.go:222.2,222.59 1 0
eregen.dev/admin-api/internal/handler/clinical_handler.go:228.63,230.16 2 0
eregen.dev/admin-api/internal/handler/clinical_handler.go:230.16,233.3 2 0
eregen.dev/admin-api/internal/handler/clinical_handler.go:234.2,234.59 1 0
eregen.dev/admin-api/internal/handler/clinical_handler.go:238.64,240.47 2 0
eregen.dev/admin-api/internal/handler/clinical_handler.go:240.47,243.3 2 0
eregen.dev/admin-api/internal/handler/clinical_handler.go:244.2,244.80 1 0
eregen.dev/admin-api/internal/handler/clinical_handler.go:244.80,247.3 2 0
eregen.dev/admin-api/internal/handler/clinical_handler.go:248.2,248.62 1 0
eregen.dev/admin-api/internal/handler/community_wb.go:20.63,22.2 1 0
eregen.dev/admin-api/internal/handler/community_wb.go:25.57,29.16 4 0
eregen.dev/admin-api/internal/handler/community_wb.go:29.16,32.3 2 0
eregen.dev/admin-api/internal/handler/community_wb.go:33.2,34.16 2 0
eregen.dev/admin-api/internal/handler/community_wb.go:34.16,37.3 2 0
eregen.dev/admin-api/internal/handler/community_wb.go:38.2,38.97 1 0
eregen.dev/admin-api/internal/handler/community_wb.go:41.55,43.16 2 0
eregen.dev/admin-api/internal/handler/community_wb.go:43.16,46.3 2 0
eregen.dev/admin-api/internal/handler/community_wb.go:47.2,47.59 1 0
eregen.dev/admin-api/internal/handler/community_wb.go:50.58,52.49 2 0
eregen.dev/admin-api/internal/handler/community_wb.go:52.49,55.3 2 0
eregen.dev/admin-api/internal/handler/community_wb.go:56.2,56.82 1 0
eregen.dev/admin-api/internal/handler/community_wb.go:56.82,59.3 2 0
eregen.dev/admin-api/internal/handler/community_wb.go:60.2,60.64 1 0
eregen.dev/admin-api/internal/handler/community_wb.go:63.58,65.49 2 0
eregen.dev/admin-api/internal/handler/community_wb.go:65.49,68.3 2 0
eregen.dev/admin-api/internal/handler/community_wb.go:69.2,70.82 2 0
eregen.dev/admin-api/internal/handler/community_wb.go:70.82,73.3 2 0
eregen.dev/admin-api/internal/handler/community_wb.go:74.2,74.51 1 0
eregen.dev/admin-api/internal/handler/community_wb.go:77.58,78.89 1 0
eregen.dev/admin-api/internal/handler/community_wb.go:78.89,81.3 2 0
eregen.dev/admin-api/internal/handler/community_wb.go:82.2,82.51 1 0
eregen.dev/admin-api/internal/handler/community_wb.go:85.60,87.16 2 0
eregen.dev/admin-api/internal/handler/community_wb.go:87.16,90.3 2 0
eregen.dev/admin-api/internal/handler/community_wb.go:91.2,91.59 1 0
eregen.dev/admin-api/internal/handler/community_wb.go:95.58,99.16 4 0
eregen.dev/admin-api/internal/handler/community_wb.go:99.16,102.3 2 0
eregen.dev/admin-api/internal/handler/community_wb.go:103.2,104.16 2 0
eregen.dev/admin-api/internal/handler/community_wb.go:104.16,107.3 2 0
eregen.dev/admin-api/internal/handler/community_wb.go:108.2,108.98 1 0
eregen.dev/admin-api/internal/handler/community_wb.go:111.62,116.48 2 0
eregen.dev/admin-api/internal/handler/community_wb.go:116.48,119.3 2 0
eregen.dev/admin-api/internal/handler/community_wb.go:120.2,120.107 1 0
eregen.dev/admin-api/internal/handler/community_wb.go:120.107,123.3 2 0
eregen.dev/admin-api/internal/handler/community_wb.go:124.2,124.49 1 0
eregen.dev/admin-api/internal/handler/community_wb.go:128.62,130.16 2 0
eregen.dev/admin-api/internal/handler/community_wb.go:130.16,133.3 2 0
eregen.dev/admin-api/internal/handler/community_wb.go:134.2,134.61 1 0
eregen.dev/admin-api/internal/handler/community_wb.go:137.66,139.16 2 0
eregen.dev/admin-api/internal/handler/community_wb.go:139.16,142.3 2 0
eregen.dev/admin-api/internal/handler/community_wb.go:143.2,143.58 1 0
eregen.dev/admin-api/internal/handler/community_wb.go:146.63,148.51 2 0
eregen.dev/admin-api/internal/handler/community_wb.go:148.51,151.3 2 0
eregen.dev/admin-api/internal/handler/community_wb.go:152.2,153.80 2 0
eregen.dev/admin-api/internal/handler/community_wb.go:153.80,156.3 2 0
eregen.dev/admin-api/internal/handler/community_wb.go:157.2,157.57 1 0
eregen.dev/admin-api/internal/handler/community_wb.go:160.63,162.94 2 0
eregen.dev/admin-api/internal/handler/community_wb.go:162.94,165.3 2 0
eregen.dev/admin-api/internal/handler/community_wb.go:166.2,166.51 1 0
eregen.dev/admin-api/internal/handler/community_wb.go:170.60,180.48 2 0
eregen.dev/admin-api/internal/handler/community_wb.go:180.48,183.3 2 0
eregen.dev/admin-api/internal/handler/community_wb.go:186.2,187.16 2 0
eregen.dev/admin-api/internal/handler/community_wb.go:187.16,190.3 2 0
eregen.dev/admin-api/internal/handler/community_wb.go:193.2,194.59 2 0
eregen.dev/admin-api/internal/handler/community_wb.go:194.59,197.3 2 0
eregen.dev/admin-api/internal/handler/community_wb.go:200.2,200.24 1 0
eregen.dev/admin-api/internal/handler/community_wb.go:200.24,202.17 2 0
eregen.dev/admin-api/internal/handler/community_wb.go:202.17,203.27 1 0
eregen.dev/admin-api/internal/handler/community_wb.go:203.27,204.69 1 0
eregen.dev/admin-api/internal/handler/community_wb.go:204.69,212.11 3 0
eregen.dev/admin-api/internal/handler/community_wb.go:218.2,227.33 2 0
eregen.dev/admin-api/internal/handler/community_wb.go:227.33,230.3 2 0
eregen.dev/admin-api/internal/handler/community_wb.go:231.2,231.78 1 0
eregen.dev/admin-api/internal/handler/community_wb.go:231.78,234.3 2 0
eregen.dev/admin-api/internal/handler/community_wb.go:235.2,235.74 1 0
eregen.dev/admin-api/internal/handler/community_wb.go:238.64,241.16 2 0
eregen.dev/admin-api/internal/handler/community_wb.go:241.16,244.3 2 0
eregen.dev/admin-api/internal/handler/community_wb.go:245.2,245.61 1 0
eregen.dev/admin-api/internal/handler/community_wb.go:249.63,261.48 2 0
eregen.dev/admin-api/internal/handler/community_wb.go:261.48,264.3 2 0
eregen.dev/admin-api/internal/handler/community_wb.go:265.2,276.16 3 0
eregen.dev/admin-api/internal/handler/community_wb.go:276.16,279.3 2 0
eregen.dev/admin-api/internal/handler/community_wb.go:280.2,281.77 2 0
eregen.dev/admin-api/internal/handler/community_wb.go:281.77,284.3 2 0
eregen.dev/admin-api/internal/handler/community_wb.go:285.2,285.76 1 0
eregen.dev/admin-api/internal/handler/community_wb.go:289.63,295.16 6 0
eregen.dev/admin-api/internal/handler/community_wb.go:295.16,298.3 2 0
eregen.dev/admin-api/internal/handler/community_wb.go:299.2,299.61 1 0
eregen.dev/admin-api/internal/handler/community_wb.go:303.65,308.48 2 0
eregen.dev/admin-api/internal/handler/community_wb.go:308.48,311.3 2 0
eregen.dev/admin-api/internal/handler/community_wb.go:312.2,319.79 2 0
eregen.dev/admin-api/internal/handler/community_wb.go:319.79,322.3 2 0
eregen.dev/admin-api/internal/handler/community_wb.go:323.2,323.63 1 0
eregen.dev/admin-api/internal/handler/community_wb.go:326.63,328.16 2 0
eregen.dev/admin-api/internal/handler/community_wb.go:328.16,331.3 2 0
eregen.dev/admin-api/internal/handler/community_wb.go:332.2,332.59 1 0
eregen.dev/admin-api/internal/handler/community_wb.go:336.66,343.48 2 0
eregen.dev/admin-api/internal/handler/community_wb.go:343.48,346.3 2 0
eregen.dev/admin-api/internal/handler/community_wb.go:348.2,349.40 2 0
eregen.dev/admin-api/internal/handler/community_wb.go:349.40,354.3 1 0
eregen.dev/admin-api/internal/handler/community_wb.go:355.2,355.23 1 0
eregen.dev/admin-api/internal/handler/community_wb.go:355.23,357.3 1 0
eregen.dev/admin-api/internal/handler/community_wb.go:358.2,358.103 1 0
eregen.dev/admin-api/internal/handler/community_wb.go:361.64,363.16 2 0
eregen.dev/admin-api/internal/handler/community_wb.go:363.16,366.3 2 0
eregen.dev/admin-api/internal/handler/community_wb.go:367.2,367.62 1 0
eregen.dev/admin-api/internal/handler/community_wb.go:371.68,373.45 2 0
eregen.dev/admin-api/internal/handler/community_wb.go:373.45,376.3 2 0
eregen.dev/admin-api/internal/handler/community_wb.go:377.2,377.20 1 0
eregen.dev/admin-api/internal/handler/community_wb.go:377.20,379.3 1 0
eregen.dev/admin-api/internal/handler/community_wb.go:380.2,380.18 1 0
eregen.dev/admin-api/internal/handler/community_wb.go:380.18,382.3 1 0
eregen.dev/admin-api/internal/handler/community_wb.go:383.2,383.79 1 0
eregen.dev/admin-api/internal/handler/community_wb.go:383.79,386.3 2 0
eregen.dev/admin-api/internal/handler/community_wb.go:387.2,387.60 1 0
eregen.dev/admin-api/internal/handler/community_wb.go:391.54,396.47 2 0
eregen.dev/admin-api/internal/handler/community_wb.go:396.47,399.3 2 0
eregen.dev/admin-api/internal/handler/community_wb.go:402.2,403.16 2 0
eregen.dev/admin-api/internal/handler/community_wb.go:403.16,406.3 2 0
eregen.dev/admin-api/internal/handler/community_wb.go:409.2,416.60 2 0
eregen.dev/admin-api/internal/handler/compliance_handler.go:19.71,21.2 1 0
eregen.dev/admin-api/internal/handler/compliance_handler.go:24.56,26.45 2 0
eregen.dev/admin-api/internal/handler/compliance_handler.go:26.45,29.3 2 0
eregen.dev/admin-api/internal/handler/compliance_handler.go:30.2,30.78 1 0
eregen.dev/admin-api/internal/handler/compliance_handler.go:30.78,33.3 2 0
eregen.dev/admin-api/internal/handler/compliance_handler.go:34.2,34.49 1 0
eregen.dev/admin-api/internal/handler/compliance_handler.go:38.55,41.16 3 0
eregen.dev/admin-api/internal/handler/compliance_handler.go:41.16,44.3 2 0
eregen.dev/admin-api/internal/handler/compliance_handler.go:45.2,45.59 1 0
eregen.dev/admin-api/internal/handler/compliance_handler.go:49.54,54.48 2 0
eregen.dev/admin-api/internal/handler/compliance_handler.go:54.48,57.3 2 0
eregen.dev/admin-api/internal/handler/compliance_handler.go:58.2,59.16 2 0
eregen.dev/admin-api/internal/handler/compliance_handler.go:59.16,62.3 2 0
eregen.dev/admin-api/internal/handler/compliance_handler.go:63.2,63.59 1 0
eregen.dev/admin-api/internal/handler/compliance_handler.go:67.56,70.17 3 0
eregen.dev/admin-api/internal/handler/compliance_handler.go:70.17,72.3 1 0
eregen.dev/admin-api/internal/handler/compliance_handler.go:73.2,74.16 2 0
eregen.dev/admin-api/internal/handler/compliance_handler.go:74.16,77.3 2 0
eregen.dev/admin-api/internal/handler/compliance_handler.go:78.2,78.60 1 0
eregen.dev/admin-api/internal/handler/compliance_handler.go:82.57,89.48 3 0
eregen.dev/admin-api/internal/handler/compliance_handler.go:89.48,92.3 2 0
eregen.dev/admin-api/internal/handler/compliance_handler.go:93.2,93.116 1 0
eregen.dev/admin-api/internal/handler/compliance_handler.go:93.116,96.3 2 0
eregen.dev/admin-api/internal/handler/compliance_handler.go:97.2,97.44 1 0
eregen.dev/admin-api/internal/handler/dashboard.go:18.59,20.2 1 0
eregen.dev/admin-api/internal/handler/dashboard.go:23.56,25.16 2 0
eregen.dev/admin-api/internal/handler/dashboard.go:25.16,28.3 2 0
eregen.dev/admin-api/internal/handler/dashboard.go:29.2,29.59 1 0
eregen.dev/admin-api/internal/handler/dashboard.go:33.65,35.16 2 0
eregen.dev/admin-api/internal/handler/dashboard.go:35.16,38.3 2 0
eregen.dev/admin-api/internal/handler/dashboard.go:39.2,39.59 1 0
eregen.dev/admin-api/internal/handler/dashboard.go:43.58,45.28 2 0
eregen.dev/admin-api/internal/handler/dashboard.go:45.28,47.3 1 0
eregen.dev/admin-api/internal/handler/dashboard.go:48.2,49.16 2 0
eregen.dev/admin-api/internal/handler/dashboard.go:49.16,52.3 2 0
eregen.dev/admin-api/internal/handler/dashboard.go:53.2,53.60 1 0
eregen.dev/admin-api/internal/handler/dashboard.go:57.65,59.16 2 0
eregen.dev/admin-api/internal/handler/dashboard.go:59.16,62.3 2 0
eregen.dev/admin-api/internal/handler/dashboard.go:63.2,63.59 1 0
eregen.dev/admin-api/internal/handler/dashboard.go:67.58,69.31 2 0
eregen.dev/admin-api/internal/handler/dashboard.go:69.31,71.3 1 0
eregen.dev/admin-api/internal/handler/dashboard.go:72.2,73.16 2 0
eregen.dev/admin-api/internal/handler/dashboard.go:73.16,76.3 2 0
eregen.dev/admin-api/internal/handler/dashboard.go:77.2,77.60 1 0
eregen.dev/admin-api/internal/handler/device.go:20.53,22.2 1 0
eregen.dev/admin-api/internal/handler/device.go:25.54,28.48 3 0
eregen.dev/admin-api/internal/handler/device.go:28.48,31.3 2 0
eregen.dev/admin-api/internal/handler/device.go:32.2,32.88 1 0
eregen.dev/admin-api/internal/handler/device.go:32.88,35.3 2 0
eregen.dev/admin-api/internal/handler/device.go:36.2,36.59 1 0
eregen.dev/admin-api/internal/handler/device.go:40.52,46.48 3 0
eregen.dev/admin-api/internal/handler/device.go:46.48,49.3 2 0
eregen.dev/admin-api/internal/handler/device.go:50.2,50.98 1 0
eregen.dev/admin-api/internal/handler/device.go:50.98,53.3 2 0
eregen.dev/admin-api/internal/handler/device.go:54.2,54.58 1 0
eregen.dev/admin-api/internal/handler/device.go:58.48,65.48 2 0
eregen.dev/admin-api/internal/handler/device.go:65.48,68.3 2 0
eregen.dev/admin-api/internal/handler/device.go:69.2,69.23 1 0
eregen.dev/admin-api/internal/handler/device.go:69.23,71.3 1 0
eregen.dev/admin-api/internal/handler/device.go:72.2,72.21 1 0
eregen.dev/admin-api/internal/handler/device.go:72.21,74.3 1 0
eregen.dev/admin-api/internal/handler/device.go:75.2,81.75 2 0
eregen.dev/admin-api/internal/handler/device.go:81.75,84.3 2 0
eregen.dev/admin-api/internal/handler/device.go:85.2,85.88 1 0
eregen.dev/admin-api/internal/handler/device.go:89.46,93.16 4 0
eregen.dev/admin-api/internal/handler/device.go:93.16,96.3 2 0
eregen.dev/admin-api/internal/handler/device.go:98.2,103.16 5 0
eregen.dev/admin-api/internal/handler/device.go:103.16,106.3 2 0
eregen.dev/admin-api/internal/handler/device.go:107.2,112.4 1 0
eregen.dev/admin-api/internal/handler/device.go:116.48,119.16 3 0
eregen.dev/admin-api/internal/handler/device.go:119.16,122.3 2 0
eregen.dev/admin-api/internal/handler/device.go:123.2,123.60 1 0
eregen.dev/admin-api/internal/handler/device.go:127.48,129.76 2 0
eregen.dev/admin-api/internal/handler/device.go:129.76,132.3 2 0
eregen.dev/admin-api/internal/handler/device.go:133.2,133.59 1 0
eregen.dev/admin-api/internal/handler/device.go:137.50,143.48 2 0
eregen.dev/admin-api/internal/handler/device.go:143.48,146.3 2 0
eregen.dev/admin-api/internal/handler/device.go:147.2,150.27 4 0
eregen.dev/admin-api/internal/handler/device.go:150.27,154.3 3 0
eregen.dev/admin-api/internal/handler/device.go:155.2,155.94 1 0
eregen.dev/admin-api/internal/handler/device.go:155.94,158.3 2 0
eregen.dev/admin-api/internal/handler/device.go:159.2,159.64 1 0
eregen.dev/admin-api/internal/handler/device_binding_handler.go:17.80,19.2 1 0
eregen.dev/admin-api/internal/handler/device_binding_handler.go:22.53,24.45 2 0
eregen.dev/admin-api/internal/handler/device_binding_handler.go:24.45,27.3 2 0
eregen.dev/admin-api/internal/handler/device_binding_handler.go:28.2,28.68 1 0
eregen.dev/admin-api/internal/handler/device_binding_handler.go:28.68,31.3 2 0
eregen.dev/admin-api/internal/handler/device_binding_handler.go:32.2,32.49 1 0
eregen.dev/admin-api/internal/handler/device_binding_handler.go:36.55,38.77 2 0
eregen.dev/admin-api/internal/handler/device_binding_handler.go:38.77,41.3 2 0
eregen.dev/admin-api/internal/handler/device_binding_handler.go:42.2,42.44 1 0
eregen.dev/admin-api/internal/handler/device_binding_handler.go:46.61,50.16 4 0
eregen.dev/admin-api/internal/handler/device_binding_handler.go:50.16,53.3 2 0
eregen.dev/admin-api/internal/handler/device_binding_handler.go:54.2,54.62 1 0
eregen.dev/admin-api/internal/handler/device_binding_handler.go:58.60,61.16 3 0
eregen.dev/admin-api/internal/handler/device_binding_handler.go:61.16,64.3 2 0
eregen.dev/admin-api/internal/handler/device_binding_handler.go:65.2,65.61 1 0
eregen.dev/admin-api/internal/handler/elderly.go:23.55,25.2 1 0
eregen.dev/admin-api/internal/handler/elderly.go:28.47,32.16 4 0
eregen.dev/admin-api/internal/handler/elderly.go:32.16,35.3 2 0
eregen.dev/admin-api/internal/handler/elderly.go:37.2,38.16 2 0
eregen.dev/admin-api/internal/handler/elderly.go:38.16,41.3 2 0
eregen.dev/admin-api/internal/handler/elderly.go:42.2,47.4 1 0
eregen.dev/admin-api/internal/handler/elderly.go:51.49,54.16 3 0
eregen.dev/admin-api/internal/handler/elderly.go:54.16,57.3 2 0
eregen.dev/admin-api/internal/handler/elderly.go:58.2,58.61 1 0
eregen.dev/admin-api/internal/handler/elderly.go:62.49,70.48 2 0
eregen.dev/admin-api/internal/handler/elderly.go:70.48,73.3 2 0
eregen.dev/admin-api/internal/handler/elderly.go:75.2,76.16 2 0
eregen.dev/admin-api/internal/handler/elderly.go:76.16,80.3 3 0
eregen.dev/admin-api/internal/handler/elderly.go:81.2,82.66 2 0
eregen.dev/admin-api/internal/handler/elderly.go:86.49,95.48 3 0
eregen.dev/admin-api/internal/handler/elderly.go:95.48,98.3 2 0
eregen.dev/admin-api/internal/handler/elderly.go:100.2,101.16 2 0
eregen.dev/admin-api/internal/handler/elderly.go:101.16,104.3 2 0
eregen.dev/admin-api/internal/handler/elderly.go:105.2,105.61 1 0
eregen.dev/admin-api/internal/handler/elderly.go:109.49,111.71 2 0
eregen.dev/admin-api/internal/handler/elderly.go:111.71,114.3 2 0
eregen.dev/admin-api/internal/handler/elderly.go:115.2,115.52 1 0
eregen.dev/admin-api/internal/handler/elderly.go:119.54,122.16 3 0
eregen.dev/admin-api/internal/handler/elderly.go:122.16,125.3 2 0
eregen.dev/admin-api/internal/handler/elderly.go:126.2,126.59 1 0
eregen.dev/admin-api/internal/handler/elderly.go:130.56,133.31 3 0
eregen.dev/admin-api/internal/handler/elderly.go:133.31,135.3 1 0
eregen.dev/admin-api/internal/handler/elderly.go:136.2,137.16 2 0
eregen.dev/admin-api/internal/handler/elderly.go:137.16,140.3 2 0
eregen.dev/admin-api/internal/handler/elderly.go:141.2,141.61 1 0
eregen.dev/admin-api/internal/handler/elderly.go:145.61,154.48 3 0
eregen.dev/admin-api/internal/handler/elderly.go:154.48,157.3 2 0
eregen.dev/admin-api/internal/handler/elderly.go:158.2,159.20 2 0
eregen.dev/admin-api/internal/handler/elderly.go:159.20,161.3 1 0
eregen.dev/admin-api/internal/handler/elderly.go:162.2,162.22 1 0
eregen.dev/admin-api/internal/handler/elderly.go:162.22,164.3 1 0
eregen.dev/admin-api/internal/handler/elderly.go:165.2,165.23 1 0
eregen.dev/admin-api/internal/handler/elderly.go:165.23,167.3 1 0
eregen.dev/admin-api/internal/handler/elderly.go:168.2,168.28 1 0
eregen.dev/admin-api/internal/handler/elderly.go:168.28,170.3 1 0
eregen.dev/admin-api/internal/handler/elderly.go:171.2,171.26 1 0
eregen.dev/admin-api/internal/handler/elderly.go:171.26,172.69 1 0
eregen.dev/admin-api/internal/handler/elderly.go:172.69,174.4 1 0
eregen.dev/admin-api/internal/handler/elderly.go:176.2,176.80 1 0
eregen.dev/admin-api/internal/handler/elderly.go:176.80,179.3 2 0
eregen.dev/admin-api/internal/handler/elderly.go:180.2,180.65 1 0
eregen.dev/admin-api/internal/handler/elderly.go:185.58,188.16 3 0
eregen.dev/admin-api/internal/handler/elderly.go:188.16,191.3 2 0
eregen.dev/admin-api/internal/handler/elderly.go:192.2,192.59 1 0
eregen.dev/admin-api/internal/handler/elderly.go:196.63,199.48 3 0
eregen.dev/admin-api/internal/handler/elderly.go:199.48,202.3 2 0
eregen.dev/admin-api/internal/handler/elderly.go:203.2,204.92 2 0
eregen.dev/admin-api/internal/handler/elderly.go:204.92,207.3 2 0
eregen.dev/admin-api/internal/handler/elderly.go:208.2,208.63 1 0
eregen.dev/admin-api/internal/handler/elderly.go:212.63,216.48 4 0
eregen.dev/admin-api/internal/handler/elderly.go:216.48,219.3 2 0
eregen.dev/admin-api/internal/handler/elderly.go:220.2,220.99 1 0
eregen.dev/admin-api/internal/handler/elderly.go:220.99,223.3 2 0
eregen.dev/admin-api/internal/handler/elderly.go:224.2,224.57 1 0
eregen.dev/admin-api/internal/handler/elderly.go:228.63,231.93 3 0
eregen.dev/admin-api/internal/handler/elderly.go:231.93,234.3 2 0
eregen.dev/admin-api/internal/handler/elderly.go:235.2,235.57 1 0
eregen.dev/admin-api/internal/handler/elderly.go:237.53,240.16 3 0
eregen.dev/admin-api/internal/handler/elderly.go:240.16,243.3 2 0
eregen.dev/admin-api/internal/handler/elderly.go:244.2,244.61 1 0
eregen.dev/admin-api/internal/handler/elderly.go:248.58,251.31 3 0
eregen.dev/admin-api/internal/handler/elderly.go:251.31,253.3 1 0
eregen.dev/admin-api/internal/handler/elderly.go:254.2,255.16 2 0
eregen.dev/admin-api/internal/handler/elderly.go:255.16,258.3 2 0
eregen.dev/admin-api/internal/handler/elderly.go:259.2,259.63 1 0
eregen.dev/admin-api/internal/handler/elderly.go:263.57,271.48 3 0
eregen.dev/admin-api/internal/handler/elderly.go:271.48,274.3 2 0
eregen.dev/admin-api/internal/handler/elderly.go:275.2,276.26 2 0
eregen.dev/admin-api/internal/handler/elderly.go:276.26,278.3 1 0
eregen.dev/admin-api/internal/handler/elderly.go:279.2,279.26 1 0
eregen.dev/admin-api/internal/handler/elderly.go:279.26,280.69 1 0
eregen.dev/admin-api/internal/handler/elderly.go:280.69,282.4 1 0
eregen.dev/admin-api/internal/handler/elderly.go:284.2,284.73 1 0
eregen.dev/admin-api/internal/handler/elderly.go:284.73,287.3 2 0
eregen.dev/admin-api/internal/handler/elderly.go:288.2,288.62 1 0
eregen.dev/admin-api/internal/handler/elderly.go:293.55,296.31 3 0
eregen.dev/admin-api/internal/handler/elderly.go:296.31,298.3 1 0
eregen.dev/admin-api/internal/handler/elderly.go:299.2,300.16 2 0
eregen.dev/admin-api/internal/handler/elderly.go:300.16,303.3 2 0
eregen.dev/admin-api/internal/handler/elderly.go:304.2,304.60 1 0
eregen.dev/admin-api/internal/handler/elderly.go:308.169,310.36 2 0
eregen.dev/admin-api/internal/handler/elderly.go:311.21,312.23 1 0
eregen.dev/admin-api/internal/handler/elderly.go:312.23,313.31 1 0
eregen.dev/admin-api/internal/handler/elderly.go:313.31,315.5 1 0
eregen.dev/admin-api/internal/handler/elderly.go:317.14,318.17 1 0
eregen.dev/admin-api/internal/handler/elderly.go:318.17,320.50 2 0
eregen.dev/admin-api/internal/handler/elderly.go:320.50,322.5 1 0
eregen.dev/admin-api/internal/handler/elderly.go:325.2,334.3 1 0
eregen.dev/admin-api/internal/handler/firmware.go:18.57,20.2 1 0
eregen.dev/admin-api/internal/handler/firmware.go:23.48,25.16 2 0
eregen.dev/admin-api/internal/handler/firmware.go:25.16,28.3 2 0
eregen.dev/admin-api/internal/handler/firmware.go:29.2,29.62 1 0
eregen.dev/admin-api/internal/handler/firmware.go:33.50,44.48 2 0
eregen.dev/admin-api/internal/handler/firmware.go:44.48,47.3 2 0
eregen.dev/admin-api/internal/handler/firmware.go:48.2,53.78 2 0
eregen.dev/admin-api/internal/handler/firmware.go:53.78,56.3 2 0
eregen.dev/admin-api/internal/handler/firmware.go:57.2,57.88 1 0
eregen.dev/admin-api/internal/handler/firmware.go:61.50,63.79 2 0
eregen.dev/admin-api/internal/handler/firmware.go:63.79,66.3 2 0
eregen.dev/admin-api/internal/handler/firmware.go:67.2,67.83 1 0
eregen.dev/admin-api/internal/handler/firmware.go:71.47,74.16 3 0
eregen.dev/admin-api/internal/handler/firmware.go:74.16,77.3 2 0
eregen.dev/admin-api/internal/handler/firmware.go:78.2,78.55 1 0
eregen.dev/admin-api/internal/handler/firmware.go:82.58,85.16 3 0
eregen.dev/admin-api/internal/handler/firmware.go:85.16,88.3 2 0
eregen.dev/admin-api/internal/handler/firmware.go:89.2,89.93 1 0
eregen.dev/admin-api/internal/handler/firmware.go:93.51,98.48 2 0
eregen.dev/admin-api/internal/handler/firmware.go:98.48,101.3 2 0
eregen.dev/admin-api/internal/handler/firmware.go:102.2,103.16 2 0
eregen.dev/admin-api/internal/handler/firmware.go:103.16,106.3 2 0
eregen.dev/admin-api/internal/handler/firmware.go:107.2,107.94 1 0
eregen.dev/admin-api/internal/handler/firmware.go:111.53,114.16 3 0
eregen.dev/admin-api/internal/handler/firmware.go:114.16,117.3 2 0
eregen.dev/admin-api/internal/handler/firmware.go:118.2,118.57 1 0
eregen.dev/admin-api/internal/handler/health_guidance_handler.go:19.83,21.2 1 0
eregen.dev/admin-api/internal/handler/health_guidance_handler.go:24.60,26.45 2 0
eregen.dev/admin-api/internal/handler/health_guidance_handler.go:26.45,29.3 2 0
eregen.dev/admin-api/internal/handler/health_guidance_handler.go:30.2,30.76 1 0
eregen.dev/admin-api/internal/handler/health_guidance_handler.go:30.76,33.3 2 0
eregen.dev/admin-api/internal/handler/health_guidance_handler.go:34.2,34.49 1 0
eregen.dev/admin-api/internal/handler/health_guidance_handler.go:38.59,42.16 4 0
eregen.dev/admin-api/internal/handler/health_guidance_handler.go:42.16,45.3 2 0
eregen.dev/admin-api/internal/handler/health_guidance_handler.go:46.2,46.59 1 0
eregen.dev/admin-api/internal/handler/health_guidance_handler.go:50.58,54.54 4 0
eregen.dev/admin-api/internal/handler/health_guidance_handler.go:54.54,57.3 1 0
eregen.dev/admin-api/internal/handler/health_guidance_handler.go:58.2,59.16 2 0
eregen.dev/admin-api/internal/handler/health_guidance_handler.go:59.16,62.3 2 0
eregen.dev/admin-api/internal/handler/health_guidance_handler.go:63.2,63.59 1 0
eregen.dev/admin-api/internal/handler/health_guidance_handler.go:67.64,69.45 2 0
eregen.dev/admin-api/internal/handler/health_guidance_handler.go:69.45,72.3 2 0
eregen.dev/admin-api/internal/handler/health_guidance_handler.go:73.2,73.80 1 0
eregen.dev/admin-api/internal/handler/health_guidance_handler.go:73.80,76.3 2 0
eregen.dev/admin-api/internal/handler/health_guidance_handler.go:77.2,77.49 1 0
eregen.dev/admin-api/internal/handler/health_guidance_handler.go:81.64,85.17 4 0
eregen.dev/admin-api/internal/handler/health_guidance_handler.go:85.17,87.3 1 0
eregen.dev/admin-api/internal/handler/health_guidance_handler.go:88.2,89.16 2 0
eregen.dev/admin-api/internal/handler/health_guidance_handler.go:89.16,92.3 2 0
eregen.dev/admin-api/internal/handler/health_guidance_handler.go:93.2,93.64 1 0
eregen.dev/admin-api/internal/handler/health_record_handler.go:18.77,20.2 1 0
eregen.dev/admin-api/internal/handler/health_record_handler.go:23.54,25.45 2 0
eregen.dev/admin-api/internal/handler/health_record_handler.go:25.45,28.3 2 0
eregen.dev/admin-api/internal/handler/health_record_handler.go:29.2,29.78 1 0
eregen.dev/admin-api/internal/handler/health_record_handler.go:29.78,32.3 2 0
eregen.dev/admin-api/internal/handler/health_record_handler.go:33.2,33.49 1 0
eregen.dev/admin-api/internal/handler/health_record_handler.go:37.52,39.20 2 0
eregen.dev/admin-api/internal/handler/health_record_handler.go:39.20,41.3 1 0
eregen.dev/admin-api/internal/handler/health_record_handler.go:42.2,45.17 4 0
eregen.dev/admin-api/internal/handler/health_record_handler.go:45.17,47.3 1 0
eregen.dev/admin-api/internal/handler/health_record_handler.go:48.2,49.16 2 0
eregen.dev/admin-api/internal/handler/health_record_handler.go:49.16,52.3 2 0
eregen.dev/admin-api/internal/handler/health_record_handler.go:53.2,53.61 1 0
eregen.dev/admin-api/internal/handler/health_record_handler.go:57.58,59.20 2 0
eregen.dev/admin-api/internal/handler/health_record_handler.go:59.20,61.3 1 0
eregen.dev/admin-api/internal/handler/health_record_handler.go:62.2,64.16 3 0
eregen.dev/admin-api/internal/handler/health_record_handler.go:64.16,67.3 2 0
eregen.dev/admin-api/internal/handler/health_record_handler.go:68.2,68.61 1 0
eregen.dev/admin-api/internal/handler/health_record_handler.go:72.61,74.51 2 0
eregen.dev/admin-api/internal/handler/health_record_handler.go:74.51,77.3 2 0
eregen.dev/admin-api/internal/handler/health_record_handler.go:78.2,78.85 1 0
eregen.dev/admin-api/internal/handler/health_record_handler.go:78.85,81.3 2 0
eregen.dev/admin-api/internal/handler/health_record_handler.go:82.2,82.44 1 0
eregen.dev/admin-api/internal/handler/health_report_handler.go:21.77,23.2 1 0
eregen.dev/admin-api/internal/handler/health_report_handler.go:26.62,28.45 2 0
eregen.dev/admin-api/internal/handler/health_report_handler.go:28.45,31.3 2 0
eregen.dev/admin-api/internal/handler/health_report_handler.go:32.2,32.78 1 0
eregen.dev/admin-api/internal/handler/health_report_handler.go:32.78,35.3 2 0
eregen.dev/admin-api/internal/handler/health_report_handler.go:36.2,36.49 1 0
eregen.dev/admin-api/internal/handler/health_report_handler.go:40.61,43.16 3 0
eregen.dev/admin-api/internal/handler/health_report_handler.go:43.16,46.3 2 0
eregen.dev/admin-api/internal/handler/health_report_handler.go:47.2,47.63 1 0
eregen.dev/admin-api/internal/handler/health_report_handler.go:51.60,53.47 2 0
eregen.dev/admin-api/internal/handler/health_report_handler.go:53.47,56.3 2 0
eregen.dev/admin-api/internal/handler/health_report_handler.go:58.2,64.108 2 0
eregen.dev/admin-api/internal/handler/health_report_handler.go:64.108,67.3 2 0
eregen.dev/admin-api/internal/handler/health_report_handler.go:68.2,68.102 1 0
eregen.dev/admin-api/internal/handler/health_report_handler.go:68.102,71.3 2 0
eregen.dev/admin-api/internal/handler/health_report_handler.go:73.2,73.70 1 0
eregen.dev/admin-api/internal/handler/health_report_handler.go:73.70,76.3 2 0
eregen.dev/admin-api/internal/handler/health_report_handler.go:77.2,77.49 1 0
eregen.dev/admin-api/internal/handler/health_report_handler.go:80.60,81.25 1 0
eregen.dev/admin-api/internal/handler/health_report_handler.go:81.25,82.30 1 0
eregen.dev/admin-api/internal/handler/health_report_handler.go:82.30,84.4 1 0
eregen.dev/admin-api/internal/handler/health_report_handler.go:86.2,86.11 1 0
eregen.dev/admin-api/internal/handler/health_report_handler.go:89.45,90.85 1 0
eregen.dev/admin-api/internal/handler/health_report_handler.go:90.85,91.50 1 0
eregen.dev/admin-api/internal/handler/health_report_handler.go:91.50,93.4 1 0
eregen.dev/admin-api/internal/handler/health_report_handler.go:95.2,95.55 1 0
eregen.dev/admin-api/internal/handler/health_report_handler.go:99.59,103.17 4 0
eregen.dev/admin-api/internal/handler/health_report_handler.go:103.17,105.3 1 0
eregen.dev/admin-api/internal/handler/health_report_handler.go:106.2,107.16 2 0
eregen.dev/admin-api/internal/handler/health_report_handler.go:107.16,110.3 2 0
eregen.dev/admin-api/internal/handler/health_report_handler.go:111.2,111.61 1 0
eregen.dev/admin-api/internal/handler/institution.go:19.74,21.2 1 0
eregen.dev/admin-api/internal/handler/institution.go:23.51,27.16 4 0
eregen.dev/admin-api/internal/handler/institution.go:27.16,30.3 2 0
eregen.dev/admin-api/internal/handler/institution.go:31.2,32.16 2 0
eregen.dev/admin-api/internal/handler/institution.go:32.16,35.3 2 0
eregen.dev/admin-api/internal/handler/institution.go:36.2,36.96 1 0
eregen.dev/admin-api/internal/handler/institution.go:39.50,41.16 2 0
eregen.dev/admin-api/internal/handler/institution.go:41.16,44.3 2 0
eregen.dev/admin-api/internal/handler/institution.go:45.2,45.17 1 0
eregen.dev/admin-api/internal/handler/institution.go:45.17,48.3 2 0
eregen.dev/admin-api/internal/handler/institution.go:49.2,49.58 1 0
eregen.dev/admin-api/internal/handler/institution.go:52.53,54.48 2 0
eregen.dev/admin-api/internal/handler/institution.go:54.48,57.3 2 0
eregen.dev/admin-api/internal/handler/institution.go:58.2,59.23 2 0
eregen.dev/admin-api/internal/handler/institution.go:59.23,61.3 1 0
eregen.dev/admin-api/internal/handler/institution.go:62.2,62.78 1 0
eregen.dev/admin-api/internal/handler/institution.go:62.78,65.3 2 0
eregen.dev/admin-api/internal/handler/institution.go:66.2,66.63 1 0
eregen.dev/admin-api/internal/handler/institution.go:69.53,71.51 2 0
eregen.dev/admin-api/internal/handler/institution.go:71.51,74.3 2 0
eregen.dev/admin-api/internal/handler/institution.go:75.2,75.95 1 0
eregen.dev/admin-api/internal/handler/institution.go:75.95,78.3 2 0
eregen.dev/admin-api/internal/handler/institution.go:79.2,79.66 1 0
eregen.dev/admin-api/internal/handler/institution.go:82.53,83.86 1 0
eregen.dev/admin-api/internal/handler/institution.go:83.86,86.3 2 0
eregen.dev/admin-api/internal/handler/institution.go:87.2,87.66 1 0
eregen.dev/admin-api/internal/handler/institution.go:90.59,94.48 2 0
eregen.dev/admin-api/internal/handler/institution.go:94.48,97.3 2 0
eregen.dev/admin-api/internal/handler/institution.go:98.2,99.16 2 0
eregen.dev/admin-api/internal/handler/institution.go:99.16,102.3 2 0
eregen.dev/admin-api/internal/handler/institution.go:103.2,103.133 1 0
eregen.dev/admin-api/internal/handler/institution.go:106.59,107.111 1 0
eregen.dev/admin-api/internal/handler/institution.go:107.111,110.3 2 0
eregen.dev/admin-api/internal/handler/institution.go:111.2,111.66 1 0
eregen.dev/admin-api/internal/handler/lifecycle.go:17.68,19.2 1 0
eregen.dev/admin-api/internal/handler/lifecycle.go:22.61,29.48 3 0
eregen.dev/admin-api/internal/handler/lifecycle.go:29.48,32.3 2 0
eregen.dev/admin-api/internal/handler/lifecycle.go:34.2,34.150 1 0
eregen.dev/admin-api/internal/handler/lifecycle.go:34.150,37.3 2 0
eregen.dev/admin-api/internal/handler/lifecycle.go:38.2,38.73 1 0
eregen.dev/admin-api/internal/handler/lifecycle.go:42.60,46.16 4 0
eregen.dev/admin-api/internal/handler/lifecycle.go:46.16,49.3 2 0
eregen.dev/admin-api/internal/handler/lifecycle.go:50.2,50.116 1 0
eregen.dev/admin-api/internal/handler/lifecycle.go:54.61,57.17 3 0
eregen.dev/admin-api/internal/handler/lifecycle.go:57.17,60.3 2 0
eregen.dev/admin-api/internal/handler/lifecycle.go:61.2,62.36 2 0
eregen.dev/admin-api/internal/handler/lifecycle.go:62.36,63.65 1 0
eregen.dev/admin-api/internal/handler/lifecycle.go:63.65,65.4 1 0
eregen.dev/admin-api/internal/handler/lifecycle.go:67.2,68.16 2 0
eregen.dev/admin-api/internal/handler/lifecycle.go:68.16,71.3 2 0
eregen.dev/admin-api/internal/handler/lifecycle.go:72.2,72.61 1 0
eregen.dev/admin-api/internal/handler/lifecycle.go:76.55,83.48 2 0
eregen.dev/admin-api/internal/handler/lifecycle.go:83.48,86.3 2 0
eregen.dev/admin-api/internal/handler/lifecycle.go:88.2,89.99 1 0
eregen.dev/admin-api/internal/handler/lifecycle.go:89.99,92.3 2 0
eregen.dev/admin-api/internal/handler/lifecycle.go:93.2,93.73 1 0
eregen.dev/admin-api/internal/handler/medication_handler.go:19.75,21.2 1 0
eregen.dev/admin-api/internal/handler/medication_handler.go:24.55,28.16 4 0
eregen.dev/admin-api/internal/handler/medication_handler.go:28.16,31.3 2 0
eregen.dev/admin-api/internal/handler/medication_handler.go:32.2,32.59 1 0
eregen.dev/admin-api/internal/handler/medication_handler.go:36.56,38.45 2 0
eregen.dev/admin-api/internal/handler/medication_handler.go:38.45,41.3 2 0
eregen.dev/admin-api/internal/handler/medication_handler.go:42.2,44.80 3 0
eregen.dev/admin-api/internal/handler/medication_handler.go:44.80,47.3 2 0
eregen.dev/admin-api/internal/handler/medication_handler.go:48.2,48.60 1 0
eregen.dev/admin-api/internal/handler/medication_handler.go:52.56,55.51 3 0
eregen.dev/admin-api/internal/handler/medication_handler.go:55.51,58.3 2 0
eregen.dev/admin-api/internal/handler/medication_handler.go:59.2,59.89 1 0
eregen.dev/admin-api/internal/handler/medication_handler.go:59.89,62.3 2 0
eregen.dev/admin-api/internal/handler/medication_handler.go:63.2,63.44 1 0
eregen.dev/admin-api/internal/handler/medication_handler.go:67.56,69.80 2 0
eregen.dev/admin-api/internal/handler/medication_handler.go:69.80,72.3 2 0
eregen.dev/admin-api/internal/handler/medication_handler.go:73.2,73.44 1 0
eregen.dev/admin-api/internal/handler/medication_handler.go:77.61,79.45 2 0
eregen.dev/admin-api/internal/handler/medication_handler.go:79.45,82.3 2 0
eregen.dev/admin-api/internal/handler/medication_handler.go:83.2,84.83 2 0
eregen.dev/admin-api/internal/handler/medication_handler.go:84.83,87.3 2 0
eregen.dev/admin-api/internal/handler/medication_handler.go:88.2,88.60 1 0
eregen.dev/admin-api/internal/handler/medication_handler.go:92.60,96.17 4 0
eregen.dev/admin-api/internal/handler/medication_handler.go:96.17,98.3 1 0
eregen.dev/admin-api/internal/handler/medication_handler.go:99.2,100.16 2 0
eregen.dev/admin-api/internal/handler/medication_handler.go:100.16,103.3 2 0
eregen.dev/admin-api/internal/handler/medication_handler.go:104.2,104.59 1 0
eregen.dev/admin-api/internal/handler/notification_handler.go:19.77,21.2 1 0
eregen.dev/admin-api/internal/handler/notification_handler.go:24.62,26.45 2 0
eregen.dev/admin-api/internal/handler/notification_handler.go:26.45,29.3 2 0
eregen.dev/admin-api/internal/handler/notification_handler.go:30.2,30.84 1 0
eregen.dev/admin-api/internal/handler/notification_handler.go:30.84,33.3 2 0
eregen.dev/admin-api/internal/handler/notification_handler.go:34.2,34.49 1 0
eregen.dev/admin-api/internal/handler/notification_handler.go:38.61,41.16 3 0
eregen.dev/admin-api/internal/handler/notification_handler.go:41.16,44.3 2 0
eregen.dev/admin-api/internal/handler/notification_handler.go:45.2,45.63 1 0
eregen.dev/admin-api/internal/handler/notification_handler.go:49.57,51.45 2 0
eregen.dev/admin-api/internal/handler/notification_handler.go:51.45,54.3 2 0
eregen.dev/admin-api/internal/handler/notification_handler.go:55.2,55.79 1 0
eregen.dev/admin-api/internal/handler/notification_handler.go:55.79,58.3 2 0
eregen.dev/admin-api/internal/handler/notification_handler.go:59.2,59.49 1 0
eregen.dev/admin-api/internal/handler/notification_handler.go:63.60,70.48 3 0
eregen.dev/admin-api/internal/handler/notification_handler.go:70.48,73.3 2 0
eregen.dev/admin-api/internal/handler/notification_handler.go:74.2,74.124 1 0
eregen.dev/admin-api/internal/handler/notification_handler.go:74.124,77.3 2 0
eregen.dev/admin-api/internal/handler/notification_handler.go:78.2,78.44 1 0
eregen.dev/admin-api/internal/handler/notification_handler.go:82.56,86.17 4 0
eregen.dev/admin-api/internal/handler/notification_handler.go:86.17,88.3 1 0
eregen.dev/admin-api/internal/handler/notification_handler.go:89.2,90.16 2 0
eregen.dev/admin-api/internal/handler/notification_handler.go:90.16,93.3 2 0
eregen.dev/admin-api/internal/handler/notification_handler.go:94.2,94.58 1 0
eregen.dev/admin-api/internal/handler/patient_handler.go:20.55,22.2 1 0
eregen.dev/admin-api/internal/handler/patient_handler.go:25.55,30.16 5 0
eregen.dev/admin-api/internal/handler/patient_handler.go:30.16,33.3 2 0
eregen.dev/admin-api/internal/handler/patient_handler.go:35.2,37.16 3 0
eregen.dev/admin-api/internal/handler/patient_handler.go:37.16,40.3 2 0
eregen.dev/admin-api/internal/handler/patient_handler.go:41.2,46.4 1 0
eregen.dev/admin-api/internal/handler/patient_handler.go:50.53,53.16 3 0
eregen.dev/admin-api/internal/handler/patient_handler.go:53.16,56.3 2 0
eregen.dev/admin-api/internal/handler/patient_handler.go:57.2,57.61 1 0
eregen.dev/admin-api/internal/handler/patient_handler.go:61.56,63.45 2 0
eregen.dev/admin-api/internal/handler/patient_handler.go:63.45,66.3 2 0
eregen.dev/admin-api/internal/handler/patient_handler.go:67.2,67.20 1 0
eregen.dev/admin-api/internal/handler/patient_handler.go:67.20,69.3 1 0
eregen.dev/admin-api/internal/handler/patient_handler.go:70.2,70.71 1 0
eregen.dev/admin-api/internal/handler/patient_handler.go:70.71,73.3 2 0
eregen.dev/admin-api/internal/handler/patient_handler.go:74.2,74.60 1 0
eregen.dev/admin-api/internal/handler/patient_handler.go:78.56,81.45 3 0
eregen.dev/admin-api/internal/handler/patient_handler.go:81.45,84.3 2 0
eregen.dev/admin-api/internal/handler/patient_handler.go:85.2,86.71 2 0
eregen.dev/admin-api/internal/handler/patient_handler.go:86.71,89.3 2 0
eregen.dev/admin-api/internal/handler/patient_handler.go:90.2,90.55 1 0
eregen.dev/admin-api/internal/handler/patient_handler.go:94.56,96.71 2 0
eregen.dev/admin-api/internal/handler/patient_handler.go:96.71,99.3 2 0
eregen.dev/admin-api/internal/handler/patient_handler.go:100.2,100.55 1 0
eregen.dev/admin-api/internal/handler/patient_handler.go:104.59,106.23 2 0
eregen.dev/admin-api/internal/handler/patient_handler.go:106.23,109.3 2 0
eregen.dev/admin-api/internal/handler/patient_handler.go:110.2,111.16 2 0
eregen.dev/admin-api/internal/handler/patient_handler.go:111.16,114.3 2 0
eregen.dev/admin-api/internal/handler/patient_handler.go:115.2,115.61 1 0
eregen.dev/admin-api/internal/handler/patient_handler.go:119.54,121.52 2 0
eregen.dev/admin-api/internal/handler/patient_handler.go:121.52,124.3 2 0
eregen.dev/admin-api/internal/handler/patient_handler.go:125.2,125.24 1 0
eregen.dev/admin-api/internal/handler/patient_handler.go:125.24,128.3 2 0
eregen.dev/admin-api/internal/handler/patient_handler.go:129.2,129.83 1 0
eregen.dev/admin-api/internal/handler/patient_handler.go:129.83,132.3 2 0
eregen.dev/admin-api/internal/handler/patient_handler.go:133.2,133.82 1 0
eregen.dev/admin-api/internal/handler/patient_handler.go:137.60,140.16 3 0
eregen.dev/admin-api/internal/handler/patient_handler.go:140.16,143.3 2 0
eregen.dev/admin-api/internal/handler/patient_handler.go:144.2,144.61 1 0
eregen.dev/admin-api/internal/handler/persons.go:20.59,22.2 1 0
eregen.dev/admin-api/internal/handler/persons.go:24.46,29.19 5 0
eregen.dev/admin-api/internal/handler/persons.go:29.19,30.50 1 0
eregen.dev/admin-api/internal/handler/persons.go:30.50,32.4 1 0
eregen.dev/admin-api/internal/handler/persons.go:34.2,34.23 1 0
eregen.dev/admin-api/internal/handler/persons.go:34.23,35.54 1 0
eregen.dev/admin-api/internal/handler/persons.go:35.54,37.4 1 0
eregen.dev/admin-api/internal/handler/persons.go:39.2,43.16 3 0
eregen.dev/admin-api/internal/handler/persons.go:43.16,46.3 2 0
eregen.dev/admin-api/internal/handler/persons.go:47.2,47.98 1 0
eregen.dev/admin-api/internal/handler/persons.go:50.45,53.16 3 0
eregen.dev/admin-api/internal/handler/persons.go:53.16,56.3 2 0
eregen.dev/admin-api/internal/handler/persons.go:57.2,57.55 1 0
eregen.dev/admin-api/internal/handler/persons.go:60.28,61.13 1 0
eregen.dev/admin-api/internal/handler/persons.go:61.13,63.3 1 0
eregen.dev/admin-api/internal/handler/persons.go:64.2,64.11 1 0
eregen.dev/admin-api/internal/handler/persons.go:67.48,77.48 2 0
eregen.dev/admin-api/internal/handler/persons.go:77.48,80.3 2 0
eregen.dev/admin-api/internal/handler/persons.go:81.2,90.26 2 0
eregen.dev/admin-api/internal/handler/persons.go:90.26,92.17 2 0
eregen.dev/admin-api/internal/handler/persons.go:92.17,94.4 1 0
eregen.dev/admin-api/internal/handler/persons.go:96.2,96.69 1 0
eregen.dev/admin-api/internal/handler/persons.go:96.69,100.3 3 0
eregen.dev/admin-api/internal/handler/persons.go:101.2,101.60 1 0
eregen.dev/admin-api/internal/handler/persons.go:104.48,107.48 3 0
eregen.dev/admin-api/internal/handler/persons.go:107.48,110.3 2 0
eregen.dev/admin-api/internal/handler/persons.go:111.2,114.76 4 0
eregen.dev/admin-api/internal/handler/persons.go:114.76,117.3 2 0
eregen.dev/admin-api/internal/handler/persons.go:118.2,118.44 1 0
eregen.dev/admin-api/internal/handler/persons.go:121.48,123.70 2 0
eregen.dev/admin-api/internal/handler/persons.go:123.70,126.3 2 0
eregen.dev/admin-api/internal/handler/persons.go:127.2,127.44 1 0
eregen.dev/admin-api/internal/handler/persons.go:131.55,133.46 2 0
eregen.dev/admin-api/internal/handler/persons.go:133.46,136.3 2 0
eregen.dev/admin-api/internal/handler/persons.go:137.2,137.24 1 0
eregen.dev/admin-api/internal/handler/persons.go:137.24,139.3 1 0
eregen.dev/admin-api/internal/handler/persons.go:140.2,140.124 1 0
eregen.dev/admin-api/internal/handler/persons.go:140.124,142.3 1 0
eregen.dev/admin-api/internal/handler/persons.go:143.2,143.31 1 0
eregen.dev/admin-api/internal/handler/persons.go:143.31,145.3 1 0
eregen.dev/admin-api/internal/handler/persons.go:146.2,146.33 1 0
eregen.dev/admin-api/internal/handler/persons.go:146.33,148.3 1 0
eregen.dev/admin-api/internal/handler/persons.go:149.2,149.153 1 0
eregen.dev/admin-api/internal/handler/persons.go:149.153,151.3 1 0
eregen.dev/admin-api/internal/handler/persons.go:152.2,152.30 1 0
eregen.dev/admin-api/internal/handler/persons.go:152.30,154.3 1 0
eregen.dev/admin-api/internal/handler/persons.go:155.2,155.135 1 0
eregen.dev/admin-api/internal/handler/persons.go:155.135,157.3 1 0
eregen.dev/admin-api/internal/handler/persons.go:158.2,158.21 1 0
eregen.dev/admin-api/internal/handler/persons.go:158.21,160.3 1 0
eregen.dev/admin-api/internal/handler/persons.go:161.2,161.28 1 0
eregen.dev/admin-api/internal/handler/persons.go:161.28,163.3 1 0
eregen.dev/admin-api/internal/handler/persons.go:164.2,164.141 1 0
eregen.dev/admin-api/internal/handler/persons.go:164.141,166.3 1 0
eregen.dev/admin-api/internal/handler/persons.go:167.2,167.281 1 0
eregen.dev/admin-api/internal/handler/persons.go:167.281,169.3 1 0
eregen.dev/admin-api/internal/handler/persons.go:170.2,170.72 1 0
eregen.dev/admin-api/internal/handler/persons.go:170.72,174.3 3 0
eregen.dev/admin-api/internal/handler/persons.go:175.2,175.61 1 0
eregen.dev/admin-api/internal/handler/persons.go:179.52,183.16 4 0
eregen.dev/admin-api/internal/handler/persons.go:183.16,186.3 2 0
eregen.dev/admin-api/internal/handler/persons.go:187.2,187.15 1 0
eregen.dev/admin-api/internal/handler/persons.go:187.15,190.3 2 0
eregen.dev/admin-api/internal/handler/persons.go:191.2,191.56 1 0
eregen.dev/admin-api/internal/handler/persons.go:195.58,197.46 2 0
eregen.dev/admin-api/internal/handler/persons.go:197.46,200.3 2 0
eregen.dev/admin-api/internal/handler/persons.go:201.2,201.81 1 0
eregen.dev/admin-api/internal/handler/persons.go:201.81,205.3 3 0
eregen.dev/admin-api/internal/handler/persons.go:206.2,206.44 1 0
eregen.dev/admin-api/internal/handler/persons.go:210.58,213.95 3 0
eregen.dev/admin-api/internal/handler/persons.go:213.95,216.3 2 0
eregen.dev/admin-api/internal/handler/persons.go:217.2,217.44 1 0
eregen.dev/admin-api/internal/handler/persons.go:221.57,224.16 3 0
eregen.dev/admin-api/internal/handler/persons.go:224.16,228.3 3 0
eregen.dev/admin-api/internal/handler/persons.go:229.2,229.58 1 0
eregen.dev/admin-api/internal/handler/regulatory.go:19.61,21.2 1 0
eregen.dev/admin-api/internal/handler/regulatory.go:24.66,27.16 3 0
eregen.dev/admin-api/internal/handler/regulatory.go:27.16,30.3 2 0
eregen.dev/admin-api/internal/handler/regulatory.go:31.2,31.56 1 0
eregen.dev/admin-api/internal/handler/regulatory.go:35.68,40.16 5 0
eregen.dev/admin-api/internal/handler/regulatory.go:40.16,43.3 2 0
eregen.dev/admin-api/internal/handler/regulatory.go:44.2,46.16 3 0
eregen.dev/admin-api/internal/handler/regulatory.go:46.16,49.3 2 0
eregen.dev/admin-api/internal/handler/regulatory.go:50.2,50.99 1 0
eregen.dev/admin-api/internal/handler/regulatory.go:54.56,58.16 4 0
eregen.dev/admin-api/internal/handler/regulatory.go:58.16,61.3 2 0
eregen.dev/admin-api/internal/handler/regulatory.go:62.2,64.16 2 0
eregen.dev/admin-api/internal/handler/regulatory.go:64.16,67.3 2 0
eregen.dev/admin-api/internal/handler/regulatory.go:68.2,68.97 1 0
eregen.dev/admin-api/internal/handler/regulatory.go:72.54,74.16 2 0
eregen.dev/admin-api/internal/handler/regulatory.go:74.16,77.3 2 0
eregen.dev/admin-api/internal/handler/regulatory.go:78.2,78.59 1 0
eregen.dev/admin-api/internal/handler/regulatory.go:82.62,86.48 2 0
eregen.dev/admin-api/internal/handler/regulatory.go:86.48,89.3 2 0
eregen.dev/admin-api/internal/handler/regulatory.go:90.2,90.98 1 0
eregen.dev/admin-api/internal/handler/regulatory.go:90.98,93.3 2 0
eregen.dev/admin-api/internal/handler/regulatory.go:94.2,94.56 1 0
eregen.dev/admin-api/internal/handler/regulatory.go:98.68,103.48 2 0
eregen.dev/admin-api/internal/handler/regulatory.go:103.48,106.3 2 0
eregen.dev/admin-api/internal/handler/regulatory.go:107.2,107.116 1 0
eregen.dev/admin-api/internal/handler/regulatory.go:107.116,110.3 2 0
eregen.dev/admin-api/internal/handler/regulatory.go:111.2,111.52 1 0
eregen.dev/admin-api/internal/handler/regulatory.go:115.67,117.49 2 0
eregen.dev/admin-api/internal/handler/regulatory.go:117.49,120.3 2 0
eregen.dev/admin-api/internal/handler/regulatory.go:121.2,121.83 1 0
eregen.dev/admin-api/internal/handler/regulatory.go:121.83,124.3 2 0
eregen.dev/admin-api/internal/handler/regulatory.go:125.2,125.64 1 0
eregen.dev/admin-api/internal/handler/regulatory.go:129.59,131.16 2 0
eregen.dev/admin-api/internal/handler/regulatory.go:131.16,134.3 2 0
eregen.dev/admin-api/internal/handler/regulatory.go:135.2,135.59 1 0
eregen.dev/admin-api/internal/handler/regulatory.go:139.61,141.16 2 0
eregen.dev/admin-api/internal/handler/regulatory.go:141.16,144.3 2 0
eregen.dev/admin-api/internal/handler/regulatory.go:145.2,145.61 1 0
eregen.dev/admin-api/internal/handler/regulatory.go:149.62,154.48 3 0
eregen.dev/admin-api/internal/handler/regulatory.go:154.48,157.3 2 0
eregen.dev/admin-api/internal/handler/regulatory.go:158.2,159.100 2 0
eregen.dev/admin-api/internal/handler/regulatory.go:159.100,162.3 2 0
eregen.dev/admin-api/internal/handler/regulatory.go:163.2,163.51 1 0
eregen.dev/admin-api/internal/handler/regulatory.go:167.60,169.46 2 0
eregen.dev/admin-api/internal/handler/regulatory.go:169.46,172.3 2 0
eregen.dev/admin-api/internal/handler/regulatory.go:173.2,173.76 1 0
eregen.dev/admin-api/internal/handler/regulatory.go:173.76,176.3 2 0
eregen.dev/admin-api/internal/handler/regulatory.go:177.2,177.80 1 0
eregen.dev/admin-api/internal/handler/regulatory.go:181.60,184.16 3 0
eregen.dev/admin-api/internal/handler/regulatory.go:184.16,187.3 2 0
eregen.dev/admin-api/internal/handler/regulatory.go:188.2,188.56 1 0
eregen.dev/admin-api/internal/handler/regulatory.go:192.65,195.16 2 0
eregen.dev/admin-api/internal/handler/regulatory.go:195.16,198.3 2 0
eregen.dev/admin-api/internal/handler/regulatory.go:199.2,199.60 1 0
eregen.dev/admin-api/internal/handler/settings.go:20.57,22.2 1 0
eregen.dev/admin-api/internal/handler/settings.go:25.67,27.16 2 0
eregen.dev/admin-api/internal/handler/settings.go:27.16,30.3 2 0
eregen.dev/admin-api/internal/handler/settings.go:31.2,31.62 1 0
eregen.dev/admin-api/internal/handler/settings.go:35.70,37.48 2 0
eregen.dev/admin-api/internal/handler/settings.go:37.48,40.3 2 0
eregen.dev/admin-api/internal/handler/settings.go:41.2,41.86 1 0
eregen.dev/admin-api/internal/handler/settings.go:41.86,44.3 2 0
eregen.dev/admin-api/internal/handler/settings.go:45.2,45.75 1 0
eregen.dev/admin-api/internal/handler/settings.go:49.55,51.16 2 0
eregen.dev/admin-api/internal/handler/settings.go:51.16,54.3 2 0
eregen.dev/admin-api/internal/handler/settings.go:55.2,55.58 1 0
eregen.dev/admin-api/internal/handler/settings.go:59.56,64.48 2 0
eregen.dev/admin-api/internal/handler/settings.go:64.48,67.3 2 0
eregen.dev/admin-api/internal/handler/settings.go:69.2,71.52 3 0
eregen.dev/admin-api/internal/handler/settings.go:71.52,72.70 1 0
eregen.dev/admin-api/internal/handler/settings.go:72.70,74.4 1 0
eregen.dev/admin-api/internal/handler/settings.go:76.2,77.16 2 0
eregen.dev/admin-api/internal/handler/settings.go:77.16,80.3 2 0
eregen.dev/admin-api/internal/handler/settings.go:81.2,81.74 1 0
eregen.dev/admin-api/internal/handler/settings.go:85.56,87.70 2 0
eregen.dev/admin-api/internal/handler/settings.go:87.70,90.3 2 0
eregen.dev/admin-api/internal/handler/settings.go:91.2,91.74 1 0
eregen.dev/admin-api/internal/handler/settings.go:95.58,97.18 2 0
eregen.dev/admin-api/internal/handler/settings.go:97.18,100.3 2 0
eregen.dev/admin-api/internal/handler/settings.go:101.2,105.48 2 0
eregen.dev/admin-api/internal/handler/settings.go:105.48,108.3 2 0
eregen.dev/admin-api/internal/handler/settings.go:109.2,110.16 2 0
eregen.dev/admin-api/internal/handler/settings.go:110.16,113.3 2 0
eregen.dev/admin-api/internal/handler/settings.go:114.2,114.87 1 0
eregen.dev/admin-api/internal/handler/settings.go:114.87,117.3 2 0
eregen.dev/admin-api/internal/handler/settings.go:118.2,118.75 1 0
eregen.dev/admin-api/internal/handler/stream.go:38.13,40.2 1 0
eregen.dev/admin-api/internal/handler/stream.go:42.32,50.2 3 0
eregen.dev/admin-api/internal/handler/stream.go:52.31,53.29 1 0
eregen.dev/admin-api/internal/handler/stream.go:53.29,55.3 1 0
eregen.dev/admin-api/internal/handler/stream.go:58.47,61.27 3 0
eregen.dev/admin-api/internal/handler/stream.go:61.27,63.17 2 0
eregen.dev/admin-api/internal/handler/stream.go:63.17,65.12 2 0
eregen.dev/admin-api/internal/handler/stream.go:67.3,69.36 3 0
eregen.dev/admin-api/internal/handler/stream.go:69.36,71.4 1 0
eregen.dev/admin-api/internal/handler/stream.go:76.68,78.2 1 0
eregen.dev/admin-api/internal/handler/stream.go:81.76,83.2 1 0
eregen.dev/admin-api/internal/handler/stream.go:86.59,88.2 1 0
eregen.dev/admin-api/internal/handler/stream.go:91.54,95.2 3 0
eregen.dev/admin-api/internal/handler/stream.go:98.56,102.2 3 0
eregen.dev/admin-api/internal/handler/stream.go:106.51,108.20 2 0
eregen.dev/admin-api/internal/handler/stream.go:108.20,110.3 1 0
eregen.dev/admin-api/internal/handler/stream.go:111.2,113.18 3 0
eregen.dev/admin-api/internal/handler/stream.go:113.18,115.3 1 0
eregen.dev/admin-api/internal/handler/stream.go:116.2,116.68 1 0
eregen.dev/admin-api/internal/handler/stream.go:116.68,117.58 1 0
eregen.dev/admin-api/internal/handler/stream.go:117.58,119.4 1 0
eregen.dev/admin-api/internal/handler/stream.go:120.3,120.29 1 0
eregen.dev/admin-api/internal/handler/stream.go:122.2,122.19 1 0
eregen.dev/admin-api/internal/handler/stream.go:127.48,128.54 1 0
eregen.dev/admin-api/internal/handler/stream.go:128.54,130.10 2 0
eregen.dev/admin-api/internal/handler/stream.go:130.10,133.4 2 0
eregen.dev/admin-api/internal/handler/stream.go:135.3,135.33 1 0
eregen.dev/admin-api/internal/handler/stream.go:135.33,138.4 2 0
eregen.dev/admin-api/internal/handler/stream.go:140.3,152.7 10 0
eregen.dev/admin-api/internal/handler/stream.go:152.7,153.11 1 0
eregen.dev/admin-api/internal/handler/stream.go:154.20,156.20 2 0
eregen.dev/admin-api/internal/handler/stream.go:157.16,160.11 3 0
eregen.dev/admin-api/internal/handler/stream_seed.go:12.53,18.2 2 0
eregen.dev/admin-api/internal/handler/stream_seed.go:21.25,32.2 2 0
eregen.dev/admin-api/internal/handler/stream_seed.go:35.22,42.2 2 0
eregen.dev/admin-api/internal/handler/subscription.go:18.77,20.2 1 0
eregen.dev/admin-api/internal/handler/subscription.go:22.52,26.16 4 0
eregen.dev/admin-api/internal/handler/subscription.go:26.16,29.3 2 0
eregen.dev/admin-api/internal/handler/subscription.go:30.2,33.16 4 0
eregen.dev/admin-api/internal/handler/subscription.go:33.16,36.3 2 0
eregen.dev/admin-api/internal/handler/subscription.go:37.2,37.96 1 0
eregen.dev/admin-api/internal/handler/subscription.go:40.51,42.16 2 0
eregen.dev/admin-api/internal/handler/subscription.go:42.16,45.3 2 0
eregen.dev/admin-api/internal/handler/subscription.go:46.2,46.17 1 0
eregen.dev/admin-api/internal/handler/subscription.go:46.17,49.3 2 0
eregen.dev/admin-api/internal/handler/subscription.go:50.2,50.58 1 0
eregen.dev/admin-api/internal/handler/subscription.go:53.54,55.47 2 0
eregen.dev/admin-api/internal/handler/subscription.go:55.47,58.3 2 0
eregen.dev/admin-api/internal/handler/subscription.go:59.2,59.78 1 0
eregen.dev/admin-api/internal/handler/subscription.go:59.78,62.3 2 0
eregen.dev/admin-api/internal/handler/subscription.go:63.2,63.62 1 0
eregen.dev/admin-api/internal/handler/subscription.go:66.54,68.51 2 0
eregen.dev/admin-api/internal/handler/subscription.go:68.51,71.3 2 0
eregen.dev/admin-api/internal/handler/subscription.go:72.2,72.96 1 0
eregen.dev/admin-api/internal/handler/subscription.go:72.96,75.3 2 0
eregen.dev/admin-api/internal/handler/subscription.go:76.2,76.66 1 0
eregen.dev/admin-api/internal/handler/subscription.go:79.53,83.48 2 0
eregen.dev/admin-api/internal/handler/subscription.go:83.48,86.3 2 0
eregen.dev/admin-api/internal/handler/subscription.go:87.2,87.100 1 0
eregen.dev/admin-api/internal/handler/subscription.go:87.100,90.3 2 0
eregen.dev/admin-api/internal/handler/subscription.go:91.2,91.66 1 0
eregen.dev/admin-api/internal/handler/user.go:20.49,22.2 1 0
eregen.dev/admin-api/internal/handler/user.go:25.47,30.48 3 0
eregen.dev/admin-api/internal/handler/user.go:30.48,33.3 2 0
eregen.dev/admin-api/internal/handler/user.go:34.2,34.84 1 0
eregen.dev/admin-api/internal/handler/user.go:34.84,37.3 2 0
eregen.dev/admin-api/internal/handler/user.go:38.2,38.57 1 0
eregen.dev/admin-api/internal/handler/user.go:42.44,46.16 4 0
eregen.dev/admin-api/internal/handler/user.go:46.16,49.3 2 0
eregen.dev/admin-api/internal/handler/user.go:51.2,54.16 3 0
eregen.dev/admin-api/internal/handler/user.go:54.16,57.3 2 0
eregen.dev/admin-api/internal/handler/user.go:58.2,63.4 1 0
eregen.dev/admin-api/internal/handler/user.go:67.46,75.48 2 0
eregen.dev/admin-api/internal/handler/user.go:75.48,78.3 2 0
eregen.dev/admin-api/internal/handler/user.go:79.2,80.16 2 0
eregen.dev/admin-api/internal/handler/user.go:80.16,84.3 3 0
eregen.dev/admin-api/internal/handler/user.go:85.2,85.112 1 0
eregen.dev/admin-api/internal/handler/user.go:89.46,97.48 3 0
eregen.dev/admin-api/internal/handler/user.go:97.48,100.3 2 0
eregen.dev/admin-api/internal/handler/user.go:101.2,101.118 1 0
eregen.dev/admin-api/internal/handler/user.go:101.118,104.3 2 0
eregen.dev/admin-api/internal/handler/user.go:105.2,105.57 1 0
eregen.dev/admin-api/internal/handler/user.go:109.46,111.72 2 0
eregen.dev/admin-api/internal/handler/user.go:111.72,114.3 2 0
eregen.dev/admin-api/internal/handler/user.go:115.2,115.57 1 0
eregen.dev/admin-api/internal/handler/wristband_handler.go:20.59,22.2 1 0
eregen.dev/admin-api/internal/handler/wristband_handler.go:25.59,29.16 4 0
eregen.dev/admin-api/internal/handler/wristband_handler.go:29.16,32.3 2 0
eregen.dev/admin-api/internal/handler/wristband_handler.go:34.2,36.16 3 0
eregen.dev/admin-api/internal/handler/wristband_handler.go:36.16,39.3 2 0
eregen.dev/admin-api/internal/handler/wristband_handler.go:40.2,45.4 1 0
eregen.dev/admin-api/internal/handler/wristband_handler.go:49.58,54.48 2 0
eregen.dev/admin-api/internal/handler/wristband_handler.go:54.48,57.3 2 0
eregen.dev/admin-api/internal/handler/wristband_handler.go:58.2,58.98 1 0
eregen.dev/admin-api/internal/handler/wristband_handler.go:58.98,61.3 2 0
eregen.dev/admin-api/internal/handler/wristband_handler.go:62.2,62.50 1 0
eregen.dev/admin-api/internal/handler/wristband_handler.go:66.60,68.80 2 0
eregen.dev/admin-api/internal/handler/wristband_handler.go:68.80,71.3 2 0
eregen.dev/admin-api/internal/handler/wristband_handler.go:72.2,72.52 1 0
eregen.dev/admin-api/internal/handler/wristband_handler.go:76.59,78.78 2 0
eregen.dev/admin-api/internal/handler/wristband_handler.go:78.78,81.3 2 0
eregen.dev/admin-api/internal/handler/wristband_handler.go:82.2,82.52 1 0
eregen.dev/admin-api/internal/handler/wristband_handler.go:86.61,91.48 3 0
eregen.dev/admin-api/internal/handler/wristband_handler.go:91.48,94.3 2 0
eregen.dev/admin-api/internal/handler/wristband_handler.go:95.2,95.91 1 0
eregen.dev/admin-api/internal/handler/wristband_handler.go:95.91,98.3 2 0
eregen.dev/admin-api/internal/handler/wristband_handler.go:99.2,99.52 1 0
eregen.dev/admin-api/internal/handler/wristband_handler.go:103.56,106.16 3 0
eregen.dev/admin-api/internal/handler/wristband_handler.go:106.16,109.3 2 0
eregen.dev/admin-api/internal/handler/wristband_handler.go:110.2,110.56 1 0
eregen.dev/admin-api/internal/handler/wristband_handler.go:114.60,116.45 2 0
eregen.dev/admin-api/internal/handler/wristband_handler.go:116.45,119.3 2 0
eregen.dev/admin-api/internal/handler/wristband_handler.go:120.2,120.20 1 0
eregen.dev/admin-api/internal/handler/wristband_handler.go:120.20,122.3 1 0
eregen.dev/admin-api/internal/handler/wristband_handler.go:123.2,123.73 1 0
eregen.dev/admin-api/internal/handler/wristband_handler.go:123.73,126.3 2 0
eregen.dev/admin-api/internal/handler/wristband_handler.go:127.2,127.60 1 0
eregen.dev/admin-api/internal/store/community_store.go:17.46,18.14 1 0
eregen.dev/admin-api/internal/store/community_store.go:18.14,21.3 2 0
eregen.dev/admin-api/internal/store/community_store.go:22.2,22.25 1 0
eregen.dev/admin-api/internal/store/community_store.go:23.17,24.30 1 0
eregen.dev/admin-api/internal/store/community_store.go:25.14,28.13 3 0
eregen.dev/admin-api/internal/store/community_store.go:29.14,32.13 3 0
eregen.dev/admin-api/internal/store/community_store.go:33.10,35.56 2 0
eregen.dev/admin-api/internal/store/community_store.go:37.2,37.12 1 0
eregen.dev/admin-api/internal/store/community_store.go:46.51,47.14 1 0
eregen.dev/admin-api/internal/store/community_store.go:47.14,50.3 2 0
eregen.dev/admin-api/internal/store/community_store.go:51.2,51.25 1 0
eregen.dev/admin-api/internal/store/community_store.go:52.14,53.27 1 0
eregen.dev/admin-api/internal/store/community_store.go:54.14,55.35 1 0
eregen.dev/admin-api/internal/store/community_store.go:56.10,58.61 2 0
eregen.dev/admin-api/internal/store/community_store.go:60.2,60.12 1 0
eregen.dev/admin-api/internal/store/community_store.go:65.96,69.16 4 0
eregen.dev/admin-api/internal/store/community_store.go:69.16,71.3 1 0
eregen.dev/admin-api/internal/store/community_store.go:72.2,76.12 2 0
eregen.dev/admin-api/internal/store/community_store.go:79.104,90.16 5 0
eregen.dev/admin-api/internal/store/community_store.go:90.16,92.3 1 0
eregen.dev/admin-api/internal/store/community_store.go:93.2,93.14 1 0
eregen.dev/admin-api/internal/store/community_store.go:93.14,95.3 1 0
eregen.dev/admin-api/internal/store/community_store.go:96.2,96.20 1 0
eregen.dev/admin-api/internal/store/community_store.go:96.20,98.3 1 0
eregen.dev/admin-api/internal/store/community_store.go:99.2,99.23 1 0
eregen.dev/admin-api/internal/store/community_store.go:99.23,101.3 1 0
eregen.dev/admin-api/internal/store/community_store.go:102.2,102.16 1 0
eregen.dev/admin-api/internal/store/community_store.go:105.131,110.18 3 0
eregen.dev/admin-api/internal/store/community_store.go:110.18,113.3 2 0
eregen.dev/admin-api/internal/store/community_store.go:114.2,118.16 4 0
eregen.dev/admin-api/internal/store/community_store.go:118.16,120.3 1 0
eregen.dev/admin-api/internal/store/community_store.go:121.2,124.18 3 0
eregen.dev/admin-api/internal/store/community_store.go:124.18,130.35 4 0
eregen.dev/admin-api/internal/store/community_store.go:130.35,132.4 1 0
eregen.dev/admin-api/internal/store/community_store.go:133.3,133.15 1 0
eregen.dev/admin-api/internal/store/community_store.go:133.15,135.4 1 0
eregen.dev/admin-api/internal/store/community_store.go:136.3,136.21 1 0
eregen.dev/admin-api/internal/store/community_store.go:136.21,138.4 1 0
eregen.dev/admin-api/internal/store/community_store.go:139.3,139.24 1 0
eregen.dev/admin-api/internal/store/community_store.go:139.24,141.4 1 0
eregen.dev/admin-api/internal/store/community_store.go:142.3,142.29 1 0
eregen.dev/admin-api/internal/store/community_store.go:144.2,144.27 1 0
eregen.dev/admin-api/internal/store/community_store.go:147.96,157.2 3 0
eregen.dev/admin-api/internal/store/community_store.go:159.82,163.2 2 0
eregen.dev/admin-api/internal/store/community_store.go:165.107,167.16 2 0
eregen.dev/admin-api/internal/store/community_store.go:167.16,169.3 1 0
eregen.dev/admin-api/internal/store/community_store.go:170.2,175.16 3 0
eregen.dev/admin-api/internal/store/community_store.go:175.16,177.3 1 0
eregen.dev/admin-api/internal/store/community_store.go:178.2,180.27 2 0
eregen.dev/admin-api/internal/store/community_store.go:180.27,181.17 1 0
eregen.dev/admin-api/internal/store/community_store.go:181.17,183.4 1 0
eregen.dev/admin-api/internal/store/community_store.go:184.3,186.17 2 0
eregen.dev/admin-api/internal/store/community_store.go:186.17,188.4 1 0
eregen.dev/admin-api/internal/store/community_store.go:190.2,190.20 1 0
eregen.dev/admin-api/internal/store/community_store.go:193.103,204.2 8 0
eregen.dev/admin-api/internal/store/community_store.go:207.107,211.16 4 0
eregen.dev/admin-api/internal/store/community_store.go:211.16,213.3 1 0
eregen.dev/admin-api/internal/store/community_store.go:214.2,218.12 2 0
eregen.dev/admin-api/internal/store/community_store.go:221.121,227.16 3 0
eregen.dev/admin-api/internal/store/community_store.go:227.16,229.3 1 0
eregen.dev/admin-api/internal/store/community_store.go:230.2,230.16 1 0
eregen.dev/admin-api/internal/store/community_store.go:233.142,237.18 3 0
eregen.dev/admin-api/internal/store/community_store.go:237.18,240.3 2 0
eregen.dev/admin-api/internal/store/community_store.go:241.2,245.16 4 0
eregen.dev/admin-api/internal/store/community_store.go:245.16,247.3 1 0
eregen.dev/admin-api/internal/store/community_store.go:248.2,251.18 3 0
eregen.dev/admin-api/internal/store/community_store.go:251.18,254.57 2 0
eregen.dev/admin-api/internal/store/community_store.go:254.57,256.4 1 0
eregen.dev/admin-api/internal/store/community_store.go:257.3,257.31 1 0
eregen.dev/admin-api/internal/store/community_store.go:259.2,259.28 1 0
eregen.dev/admin-api/internal/store/community_store.go:262.107,268.2 3 0
eregen.dev/admin-api/internal/store/community_store.go:271.101,277.2 3 0
eregen.dev/admin-api/internal/store/community_store.go:279.95,283.2 2 0
eregen.dev/admin-api/internal/store/community_store.go:286.109,290.16 4 0
eregen.dev/admin-api/internal/store/community_store.go:290.16,292.3 1 0
eregen.dev/admin-api/internal/store/community_store.go:293.2,297.12 2 0
eregen.dev/admin-api/internal/store/community_store.go:300.109,306.2 3 0
eregen.dev/admin-api/internal/store/community_store.go:308.109,312.16 2 0
eregen.dev/admin-api/internal/store/community_store.go:312.16,314.3 1 0
eregen.dev/admin-api/internal/store/community_store.go:315.2,318.18 3 0
eregen.dev/admin-api/internal/store/community_store.go:318.18,321.46 2 0
eregen.dev/admin-api/internal/store/community_store.go:321.46,323.4 1 0
eregen.dev/admin-api/internal/store/community_store.go:324.3,324.31 1 0
eregen.dev/admin-api/internal/store/community_store.go:326.2,326.28 1 0
eregen.dev/admin-api/internal/store/community_store.go:329.122,336.16 3 0
eregen.dev/admin-api/internal/store/community_store.go:336.16,338.3 1 0
eregen.dev/admin-api/internal/store/community_store.go:339.2,339.16 1 0
eregen.dev/admin-api/internal/store/community_store.go:342.99,345.16 3 0
eregen.dev/admin-api/internal/store/community_store.go:345.16,347.3 1 0
eregen.dev/admin-api/internal/store/community_store.go:348.2,352.12 2 0
eregen.dev/admin-api/internal/store/community_store.go:355.92,361.2 3 0
eregen.dev/admin-api/internal/store/community_store.go:363.120,367.16 2 0
eregen.dev/admin-api/internal/store/community_store.go:367.16,369.3 1 0
eregen.dev/admin-api/internal/store/community_store.go:370.2,373.18 3 0
eregen.dev/admin-api/internal/store/community_store.go:373.18,376.83 2 0
eregen.dev/admin-api/internal/store/community_store.go:376.83,378.4 1 0
eregen.dev/admin-api/internal/store/community_store.go:379.3,379.25 1 0
eregen.dev/admin-api/internal/store/community_store.go:381.2,381.25 1 0
eregen.dev/admin-api/internal/store/community_store.go:385.104,388.19 3 0
eregen.dev/admin-api/internal/store/community_store.go:388.19,390.3 1 0
eregen.dev/admin-api/internal/store/community_store.go:391.2,396.16 2 0
eregen.dev/admin-api/internal/store/community_store.go:396.16,399.3 1 0
eregen.dev/admin-api/internal/store/community_store.go:400.2,400.12 1 0
eregen.dev/admin-api/internal/store/community_store.go:403.157,407.19 3 0
eregen.dev/admin-api/internal/store/community_store.go:407.19,410.3 2 0
eregen.dev/admin-api/internal/store/community_store.go:411.2,411.18 1 0
eregen.dev/admin-api/internal/store/community_store.go:411.18,414.3 2 0
eregen.dev/admin-api/internal/store/community_store.go:415.2,415.22 1 0
eregen.dev/admin-api/internal/store/community_store.go:415.22,418.3 2 0
eregen.dev/admin-api/internal/store/community_store.go:419.2,423.16 4 0
eregen.dev/admin-api/internal/store/community_store.go:423.16,425.3 1 0
eregen.dev/admin-api/internal/store/community_store.go:426.2,429.18 3 0
eregen.dev/admin-api/internal/store/community_store.go:429.18,432.110 2 0
eregen.dev/admin-api/internal/store/community_store.go:432.110,434.4 1 0
eregen.dev/admin-api/internal/store/community_store.go:435.3,435.31 1 0
eregen.dev/admin-api/internal/store/community_store.go:437.2,437.28 1 0
eregen.dev/admin-api/internal/store/community_store.go:440.123,448.16 3 0
eregen.dev/admin-api/internal/store/community_store.go:448.16,450.3 1 0
eregen.dev/admin-api/internal/store/community_store.go:451.2,451.16 1 0
eregen.dev/admin-api/internal/store/community_store.go:455.99,458.16 3 0
eregen.dev/admin-api/internal/store/community_store.go:458.16,460.3 1 0
eregen.dev/admin-api/internal/store/community_store.go:461.2,466.12 2 0
eregen.dev/admin-api/internal/store/community_store.go:469.143,473.19 3 0
eregen.dev/admin-api/internal/store/community_store.go:473.19,476.3 2 0
eregen.dev/admin-api/internal/store/community_store.go:477.2,477.18 1 0
eregen.dev/admin-api/internal/store/community_store.go:477.18,480.3 2 0
eregen.dev/admin-api/internal/store/community_store.go:481.2,485.16 4 0
eregen.dev/admin-api/internal/store/community_store.go:485.16,487.3 1 0
eregen.dev/admin-api/internal/store/community_store.go:488.2,491.18 3 0
eregen.dev/admin-api/internal/store/community_store.go:491.18,494.111 2 0
eregen.dev/admin-api/internal/store/community_store.go:494.111,496.4 1 0
eregen.dev/admin-api/internal/store/community_store.go:497.3,497.25 1 0
eregen.dev/admin-api/internal/store/community_store.go:499.2,499.25 1 0
eregen.dev/admin-api/internal/store/community_store.go:503.101,506.16 3 0
eregen.dev/admin-api/internal/store/community_store.go:506.16,508.3 1 0
eregen.dev/admin-api/internal/store/community_store.go:509.2,514.12 2 0
eregen.dev/admin-api/internal/store/community_store.go:517.120,522.16 2 0
eregen.dev/admin-api/internal/store/community_store.go:522.16,524.3 1 0
eregen.dev/admin-api/internal/store/community_store.go:525.2,528.18 3 0
eregen.dev/admin-api/internal/store/community_store.go:528.18,531.95 2 0
eregen.dev/admin-api/internal/store/community_store.go:531.95,533.4 1 0
eregen.dev/admin-api/internal/store/community_store.go:534.3,534.27 1 0
eregen.dev/admin-api/internal/store/community_store.go:536.2,536.26 1 0
eregen.dev/admin-api/internal/store/community_store.go:539.104,546.16 3 0
eregen.dev/admin-api/internal/store/community_store.go:546.16,548.3 1 0
eregen.dev/admin-api/internal/store/community_store.go:549.2,549.16 1 0
eregen.dev/admin-api/internal/store/community_store.go:553.101,556.16 3 0
eregen.dev/admin-api/internal/store/community_store.go:556.16,558.3 1 0
eregen.dev/admin-api/internal/store/community_store.go:559.2,564.12 2 0
eregen.dev/admin-api/internal/store/community_store.go:567.114,569.16 2 0
eregen.dev/admin-api/internal/store/community_store.go:569.16,571.3 1 0
eregen.dev/admin-api/internal/store/community_store.go:572.2,576.16 3 0
eregen.dev/admin-api/internal/store/community_store.go:576.16,578.3 1 0
eregen.dev/admin-api/internal/store/community_store.go:579.2,582.29 3 0
eregen.dev/admin-api/internal/store/community_store.go:582.29,583.17 1 0
eregen.dev/admin-api/internal/store/community_store.go:583.17,585.4 1 0
eregen.dev/admin-api/internal/store/community_store.go:586.3,588.17 2 0
eregen.dev/admin-api/internal/store/community_store.go:588.17,590.4 1 0
eregen.dev/admin-api/internal/store/community_store.go:592.2,592.20 1 0
eregen.dev/admin-api/internal/store/community_store.go:595.137,599.19 3 0
eregen.dev/admin-api/internal/store/community_store.go:599.19,602.3 2 0
eregen.dev/admin-api/internal/store/community_store.go:603.2,607.16 4 0
eregen.dev/admin-api/internal/store/community_store.go:607.16,609.3 1 0
eregen.dev/admin-api/internal/store/community_store.go:610.2,613.18 3 0
eregen.dev/admin-api/internal/store/community_store.go:613.18,616.90 2 0
eregen.dev/admin-api/internal/store/community_store.go:616.90,618.4 1 0
eregen.dev/admin-api/internal/store/community_store.go:619.3,619.33 1 0
eregen.dev/admin-api/internal/store/community_store.go:621.2,621.29 1 0
eregen.dev/admin-api/internal/store/community_store.go:624.116,630.2 3 0
eregen.dev/admin-api/internal/store/community_store.go:632.80,637.2 3 0
eregen.dev/admin-api/internal/store/elderly.go:16.110,22.16 3 0
eregen.dev/admin-api/internal/store/elderly.go:22.16,24.3 1 0
eregen.dev/admin-api/internal/store/elderly.go:25.2,28.18 3 0
eregen.dev/admin-api/internal/store/elderly.go:28.18,33.17 5 0
eregen.dev/admin-api/internal/store/elderly.go:33.17,35.4 1 0
eregen.dev/admin-api/internal/store/elderly.go:36.3,36.53 1 0
eregen.dev/admin-api/internal/store/elderly.go:36.53,38.4 1 0
eregen.dev/admin-api/internal/store/elderly.go:39.3,39.31 1 0
eregen.dev/admin-api/internal/store/elderly.go:40.15,41.37 1 0
eregen.dev/admin-api/internal/store/elderly.go:42.15,43.45 1 0
eregen.dev/admin-api/internal/store/elderly.go:45.3,45.33 1 0
eregen.dev/admin-api/internal/store/elderly.go:47.2,47.29 1 0
eregen.dev/admin-api/internal/store/elderly.go:51.99,61.26 5 0
eregen.dev/admin-api/internal/store/elderly.go:61.26,63.3 1 0
eregen.dev/admin-api/internal/store/elderly.go:64.2,64.16 1 0
eregen.dev/admin-api/internal/store/elderly.go:64.16,66.3 1 0
eregen.dev/admin-api/internal/store/elderly.go:67.2,67.52 1 0
eregen.dev/admin-api/internal/store/elderly.go:67.52,69.3 1 0
eregen.dev/admin-api/internal/store/elderly.go:70.2,70.30 1 0
eregen.dev/admin-api/internal/store/elderly.go:71.14,72.36 1 0
eregen.dev/admin-api/internal/store/elderly.go:73.14,74.44 1 0
eregen.dev/admin-api/internal/store/elderly.go:76.2,76.16 1 0
eregen.dev/admin-api/internal/store/elderly.go:80.163,83.21 3 0
eregen.dev/admin-api/internal/store/elderly.go:83.21,85.17 2 0
eregen.dev/admin-api/internal/store/elderly.go:85.17,87.4 1 0
eregen.dev/admin-api/internal/store/elderly.go:90.2,96.16 4 0
eregen.dev/admin-api/internal/store/elderly.go:96.16,98.3 1 0
eregen.dev/admin-api/internal/store/elderly.go:99.2,105.15 7 0
eregen.dev/admin-api/internal/store/elderly.go:105.15,107.3 1 0
eregen.dev/admin-api/internal/store/elderly.go:108.2,108.16 1 0
eregen.dev/admin-api/internal/store/elderly.go:112.167,115.21 3 0
eregen.dev/admin-api/internal/store/elderly.go:115.21,117.17 2 0
eregen.dev/admin-api/internal/store/elderly.go:117.17,119.4 1 0
eregen.dev/admin-api/internal/store/elderly.go:122.2,128.16 4 0
eregen.dev/admin-api/internal/store/elderly.go:128.16,130.3 1 0
eregen.dev/admin-api/internal/store/elderly.go:131.2,137.15 7 0
eregen.dev/admin-api/internal/store/elderly.go:137.15,139.3 1 0
eregen.dev/admin-api/internal/store/elderly.go:140.2,140.16 1 0
eregen.dev/admin-api/internal/store/elderly.go:144.77,146.16 2 0
eregen.dev/admin-api/internal/store/elderly.go:146.16,148.3 1 0
eregen.dev/admin-api/internal/store/elderly.go:149.2,149.12 1 0
eregen.dev/admin-api/internal/store/elderly.go:153.114,161.16 4 0
eregen.dev/admin-api/internal/store/elderly.go:161.16,163.3 1 0
eregen.dev/admin-api/internal/store/elderly.go:164.2,164.20 1 0
eregen.dev/admin-api/internal/store/elderly.go:168.132,173.16 2 0
eregen.dev/admin-api/internal/store/elderly.go:173.16,175.3 1 0
eregen.dev/admin-api/internal/store/elderly.go:176.2,179.18 3 0
eregen.dev/admin-api/internal/store/elderly.go:179.18,181.111 2 0
eregen.dev/admin-api/internal/store/elderly.go:181.111,183.4 1 0
eregen.dev/admin-api/internal/store/elderly.go:184.3,184.31 1 0
eregen.dev/admin-api/internal/store/elderly.go:186.2,186.28 1 0
eregen.dev/admin-api/internal/store/elderly.go:190.125,194.16 2 0
eregen.dev/admin-api/internal/store/elderly.go:194.16,196.3 1 0
eregen.dev/admin-api/internal/store/elderly.go:197.2,200.18 3 0
eregen.dev/admin-api/internal/store/elderly.go:200.18,203.135 3 0
eregen.dev/admin-api/internal/store/elderly.go:203.135,205.4 1 0
eregen.dev/admin-api/internal/store/elderly.go:206.3,206.30 1 0
eregen.dev/admin-api/internal/store/elderly.go:207.15,208.36 1 0
eregen.dev/admin-api/internal/store/elderly.go:209.15,210.44 1 0
eregen.dev/admin-api/internal/store/elderly.go:212.3,212.27 1 0
eregen.dev/admin-api/internal/store/elderly.go:214.2,214.26 1 0
eregen.dev/admin-api/internal/store/elderly.go:218.122,226.2 4 0
eregen.dev/admin-api/internal/store/elderly.go:229.131,233.28 4 0
eregen.dev/admin-api/internal/store/elderly.go:233.28,237.3 3 0
eregen.dev/admin-api/internal/store/elderly.go:238.2,242.12 4 0
eregen.dev/admin-api/internal/store/elderly.go:246.99,250.2 2 0
eregen.dev/admin-api/internal/store/elderly.go:253.116,260.16 2 0
eregen.dev/admin-api/internal/store/elderly.go:260.16,262.3 1 0
eregen.dev/admin-api/internal/store/elderly.go:263.2,266.18 3 0
eregen.dev/admin-api/internal/store/elderly.go:266.18,269.113 3 0
eregen.dev/admin-api/internal/store/elderly.go:269.113,271.4 1 0
eregen.dev/admin-api/internal/store/elderly.go:272.3,272.29 1 0
eregen.dev/admin-api/internal/store/elderly.go:272.29,274.4 1 0
eregen.dev/admin-api/internal/store/elderly.go:275.3,275.31 1 0
eregen.dev/admin-api/internal/store/elderly.go:277.2,277.28 1 0
eregen.dev/admin-api/internal/store/elderly.go:281.132,286.16 2 0
eregen.dev/admin-api/internal/store/elderly.go:286.16,288.3 1 0
eregen.dev/admin-api/internal/store/elderly.go:289.2,292.18 3 0
eregen.dev/admin-api/internal/store/elderly.go:292.18,294.99 2 0
eregen.dev/admin-api/internal/store/elderly.go:294.99,296.4 1 0
eregen.dev/admin-api/internal/store/elderly.go:297.3,297.35 1 0
eregen.dev/admin-api/internal/store/elderly.go:299.2,299.30 1 0
eregen.dev/admin-api/internal/store/elderly.go:303.131,308.16 2 0
eregen.dev/admin-api/internal/store/elderly.go:308.16,310.3 1 0
eregen.dev/admin-api/internal/store/elderly.go:311.2,314.18 3 0
eregen.dev/admin-api/internal/store/elderly.go:314.18,316.108 2 0
eregen.dev/admin-api/internal/store/elderly.go:316.108,318.4 1 0
eregen.dev/admin-api/internal/store/elderly.go:319.3,319.29 1 0
eregen.dev/admin-api/internal/store/elderly.go:321.2,321.27 1 0
eregen.dev/admin-api/internal/store/elderly.go:325.97,327.26 2 0
eregen.dev/admin-api/internal/store/elderly.go:327.26,329.3 1 0
eregen.dev/admin-api/internal/store/elderly.go:330.2,334.12 2 0
eregen.dev/admin-api/internal/store/elderly.go:338.93,340.28 2 0
eregen.dev/admin-api/internal/store/elderly.go:340.28,342.3 1 0
eregen.dev/admin-api/internal/store/elderly.go:343.2,347.12 2 0
eregen.dev/admin-api/internal/store/postgres.go:20.38,22.16 2 0
eregen.dev/admin-api/internal/store/postgres.go:22.16,23.13 1 0
eregen.dev/admin-api/internal/store/postgres.go:25.2,25.34 1 0
eregen.dev/admin-api/internal/store/postgres.go:25.34,26.13 1 0
eregen.dev/admin-api/internal/store/postgres.go:28.2,28.11 1 0
eregen.dev/admin-api/internal/store/postgres.go:32.50,34.2 1 0
eregen.dev/admin-api/internal/store/postgres.go:37.82,37.110 1 0
eregen.dev/admin-api/internal/store/postgres.go:38.90,38.123 1 0
eregen.dev/admin-api/internal/store/postgres.go:39.102,39.135 1 0
eregen.dev/admin-api/internal/store/postgres.go:40.132,40.165 1 0
eregen.dev/admin-api/internal/store/postgres.go:41.100,41.128 1 0
eregen.dev/admin-api/internal/store/postgres.go:42.76,42.104 1 0
eregen.dev/admin-api/internal/store/postgres.go:43.91,43.119 1 0
eregen.dev/admin-api/internal/store/postgres.go:44.131,44.164 1 0
eregen.dev/admin-api/internal/store/postgres.go:45.117,45.150 1 0
eregen.dev/admin-api/internal/store/postgres.go:46.91,46.119 1 0
eregen.dev/admin-api/internal/store/postgres.go:47.103,47.131 1 0
eregen.dev/admin-api/internal/store/postgres.go:48.101,48.129 1 0
eregen.dev/admin-api/internal/store/postgres.go:49.119,49.152 1 0
eregen.dev/admin-api/internal/store/postgres.go:52.145,52.178 1 0
eregen.dev/admin-api/internal/store/postgres.go:53.103,53.131 1 0
eregen.dev/admin-api/internal/store/postgres.go:54.110,54.138 1 0
eregen.dev/admin-api/internal/store/postgres.go:55.86,55.114 1 0
eregen.dev/admin-api/internal/store/postgres.go:56.108,56.136 1 0
eregen.dev/admin-api/internal/store/postgres.go:57.163,57.196 1 0
eregen.dev/admin-api/internal/store/postgres.go:60.97,60.125 1 0
eregen.dev/admin-api/internal/store/postgres.go:61.106,61.139 1 0
eregen.dev/admin-api/internal/store/postgres.go:62.125,62.158 1 0
eregen.dev/admin-api/internal/store/postgres.go:63.81,63.109 1 0
eregen.dev/admin-api/internal/store/postgres.go:64.120,64.140 1 0
eregen.dev/admin-api/internal/store/postgres.go:67.88,67.116 1 0
eregen.dev/admin-api/internal/store/postgres.go:68.96,68.129 1 0
eregen.dev/admin-api/internal/store/postgres.go:69.115,69.148 1 0
eregen.dev/admin-api/internal/store/postgres.go:70.103,70.131 1 0
eregen.dev/admin-api/internal/store/postgres.go:71.79,71.107 1 0
eregen.dev/admin-api/internal/store/postgres.go:74.98,74.126 1 0
eregen.dev/admin-api/internal/store/postgres.go:75.172,75.205 1 0
eregen.dev/admin-api/internal/store/postgres.go:76.145,76.178 1 0
eregen.dev/admin-api/internal/store/postgres.go:77.105,77.133 1 0
eregen.dev/admin-api/internal/store/postgres.go:80.100,80.128 1 0
eregen.dev/admin-api/internal/store/postgres.go:81.145,81.178 1 0
eregen.dev/admin-api/internal/store/postgres.go:82.175,82.208 1 0
eregen.dev/admin-api/internal/store/postgres.go:83.108,83.136 1 0
eregen.dev/admin-api/internal/store/postgres.go:84.164,84.197 1 0
eregen.dev/admin-api/internal/store/postgres.go:87.104,87.132 1 0
eregen.dev/admin-api/internal/store/postgres.go:88.131,88.164 1 0
eregen.dev/admin-api/internal/store/postgres.go:89.88,89.116 1 0
eregen.dev/admin-api/internal/store/postgres.go:90.143,90.176 1 0
eregen.dev/admin-api/internal/store/postgres.go:93.98,93.126 1 0
eregen.dev/admin-api/internal/store/postgres.go:94.125,94.158 1 0
eregen.dev/admin-api/internal/store/postgres.go:95.131,95.164 1 0
eregen.dev/admin-api/internal/store/postgres.go:96.128,96.161 1 0
eregen.dev/admin-api/internal/store/postgres.go:97.128,97.156 1 0
eregen.dev/admin-api/internal/store/postgres.go:100.93,100.121 1 0
eregen.dev/admin-api/internal/store/postgres.go:101.140,101.173 1 0
eregen.dev/admin-api/internal/store/postgres.go:102.114,102.147 1 0
eregen.dev/admin-api/internal/store/postgres.go:105.110,105.138 1 0
eregen.dev/admin-api/internal/store/postgres.go:106.137,106.170 1 0
eregen.dev/admin-api/internal/store/postgres.go:107.100,107.128 1 0
eregen.dev/admin-api/internal/store/postgres.go:108.133,108.161 1 0
eregen.dev/admin-api/internal/store/postgres.go:109.155,109.188 1 0
eregen.dev/admin-api/internal/store/postgres.go:112.139,112.167 1 0
eregen.dev/admin-api/internal/store/postgres.go:113.122,113.154 1 0
eregen.dev/admin-api/internal/store/postgres.go:114.129,114.157 1 0
eregen.dev/admin-api/internal/store/postgres.go:115.152,115.185 1 0
eregen.dev/admin-api/internal/store/postgres_admission.go:12.96,16.34 2 0
eregen.dev/admin-api/internal/store/postgres_admission.go:16.34,20.3 1 0
eregen.dev/admin-api/internal/store/postgres_admission.go:22.2,34.12 2 0
eregen.dev/admin-api/internal/store/postgres_admission.go:40.104,60.16 4 0
eregen.dev/admin-api/internal/store/postgres_admission.go:60.16,62.27 1 0
eregen.dev/admin-api/internal/store/postgres_admission.go:62.27,66.4 1 0
eregen.dev/admin-api/internal/store/postgres_admission.go:68.3,68.51 1 0
eregen.dev/admin-api/internal/store/postgres_admission.go:72.2,72.29 1 0
eregen.dev/admin-api/internal/store/postgres_admission.go:72.29,78.3 2 0
eregen.dev/admin-api/internal/store/postgres_admission.go:80.2,80.24 1 0
eregen.dev/admin-api/internal/store/postgres_admission.go:80.24,86.3 2 0
eregen.dev/admin-api/internal/store/postgres_admission.go:88.2,90.16 2 0
eregen.dev/admin-api/internal/store/postgres_admission.go:96.143,108.22 4 0
eregen.dev/admin-api/internal/store/postgres_admission.go:108.22,116.3 3 0
eregen.dev/admin-api/internal/store/postgres_admission.go:118.2,118.18 1 0
eregen.dev/admin-api/internal/store/postgres_admission.go:118.18,126.3 3 0
eregen.dev/admin-api/internal/store/postgres_admission.go:128.2,136.16 4 0
eregen.dev/admin-api/internal/store/postgres_admission.go:136.16,140.3 1 0
eregen.dev/admin-api/internal/store/postgres_admission.go:142.2,148.18 3 0
eregen.dev/admin-api/internal/store/postgres_admission.go:148.18,158.92 3 0
eregen.dev/admin-api/internal/store/postgres_admission.go:158.92,162.4 1 0
eregen.dev/admin-api/internal/store/postgres_admission.go:164.3,164.30 1 0
eregen.dev/admin-api/internal/store/postgres_admission.go:164.30,170.4 2 0
eregen.dev/admin-api/internal/store/postgres_admission.go:172.3,172.25 1 0
eregen.dev/admin-api/internal/store/postgres_admission.go:172.25,178.4 2 0
eregen.dev/admin-api/internal/store/postgres_admission.go:180.3,182.27 2 0
eregen.dev/admin-api/internal/store/postgres_admission.go:186.2,186.26 1 0
eregen.dev/admin-api/internal/store/postgres_admission.go:192.118,200.16 2 0
eregen.dev/admin-api/internal/store/postgres_admission.go:200.16,204.3 1 0
eregen.dev/admin-api/internal/store/postgres_admission.go:208.2,212.16 3 0
eregen.dev/admin-api/internal/store/postgres_admission.go:212.16,220.3 3 0
eregen.dev/admin-api/internal/store/postgres_admission.go:222.2,222.12 1 0
eregen.dev/admin-api/internal/store/postgres_admission.go:228.93,244.2 2 0
eregen.dev/admin-api/internal/store/postgres_admission.go:248.111,256.16 2 0
eregen.dev/admin-api/internal/store/postgres_admission.go:256.16,260.3 1 0
eregen.dev/admin-api/internal/store/postgres_admission.go:262.2,268.18 3 0
eregen.dev/admin-api/internal/store/postgres_admission.go:268.18,274.95 2 0
eregen.dev/admin-api/internal/store/postgres_admission.go:274.95,278.4 1 0
eregen.dev/admin-api/internal/store/postgres_admission.go:280.3,280.27 1 0
eregen.dev/admin-api/internal/store/postgres_admission.go:284.2,284.26 1 0
eregen.dev/admin-api/internal/store/postgres_admission.go:290.147,298.15 3 0
eregen.dev/admin-api/internal/store/postgres_admission.go:300.26,312.24 4 0
eregen.dev/admin-api/internal/store/postgres_admission.go:312.24,322.4 1 0
eregen.dev/admin-api/internal/store/postgres_admission.go:324.28,324.28 0 0
eregen.dev/admin-api/internal/store/postgres_admission.go:328.30,328.30 0 0
eregen.dev/admin-api/internal/store/postgres_admission.go:332.27,338.31 2 0
eregen.dev/admin-api/internal/store/postgres_admission.go:338.31,350.25 4 0
eregen.dev/admin-api/internal/store/postgres_admission.go:350.25,360.5 1 0
eregen.dev/admin-api/internal/store/postgres_admission.go:366.2,366.21 1 0
eregen.dev/admin-api/internal/store/postgres_alert.go:12.123,24.20 4 0
eregen.dev/admin-api/internal/store/postgres_alert.go:24.20,32.3 3 0
eregen.dev/admin-api/internal/store/postgres_alert.go:34.2,34.18 1 0
eregen.dev/admin-api/internal/store/postgres_alert.go:34.18,42.3 3 0
eregen.dev/admin-api/internal/store/postgres_alert.go:44.2,52.16 4 0
eregen.dev/admin-api/internal/store/postgres_alert.go:52.16,56.3 1 0
eregen.dev/admin-api/internal/store/postgres_alert.go:58.2,64.18 3 0
eregen.dev/admin-api/internal/store/postgres_alert.go:64.18,68.121 2 0
eregen.dev/admin-api/internal/store/postgres_alert.go:68.121,72.4 1 0
eregen.dev/admin-api/internal/store/postgres_alert.go:74.3,74.29 1 0
eregen.dev/admin-api/internal/store/postgres_alert.go:78.2,78.27 1 0
eregen.dev/admin-api/internal/store/postgres_alert.go:86.87,90.26 2 0
eregen.dev/admin-api/internal/store/postgres_alert.go:90.26,94.3 1 0
eregen.dev/admin-api/internal/store/postgres_alert.go:96.2,104.12 2 0
eregen.dev/admin-api/internal/store/postgres_alert.go:112.81,120.2 2 0
eregen.dev/admin-api/internal/store/postgres_alert.go:124.94,126.26 1 0
eregen.dev/admin-api/internal/store/postgres_alert.go:126.26,134.3 2 0
eregen.dev/admin-api/internal/store/postgres_alert.go:136.2,140.12 2 0
eregen.dev/admin-api/internal/store/postgres_audit.go:12.88,14.18 1 0
eregen.dev/admin-api/internal/store/postgres_audit.go:14.18,18.3 1 0
eregen.dev/admin-api/internal/store/postgres_audit.go:20.2,20.28 1 0
eregen.dev/admin-api/internal/store/postgres_audit.go:20.28,24.3 1 0
eregen.dev/admin-api/internal/store/postgres_audit.go:26.2,38.12 3 0
eregen.dev/admin-api/internal/store/postgres_audit.go:44.97,46.31 1 0
eregen.dev/admin-api/internal/store/postgres_audit.go:46.31,50.3 1 0
eregen.dev/admin-api/internal/store/postgres_audit.go:52.2,58.16 2 0
eregen.dev/admin-api/internal/store/postgres_audit.go:58.16,62.3 1 0
eregen.dev/admin-api/internal/store/postgres_audit.go:64.2,68.18 3 0
eregen.dev/admin-api/internal/store/postgres_audit.go:68.18,74.127 3 0
eregen.dev/admin-api/internal/store/postgres_audit.go:74.127,78.4 1 0
eregen.dev/admin-api/internal/store/postgres_audit.go:80.3,82.25 2 0
eregen.dev/admin-api/internal/store/postgres_audit.go:86.2,86.25 1 0
eregen.dev/admin-api/internal/store/postgres_audit.go:92.118,94.31 1 0
eregen.dev/admin-api/internal/store/postgres_audit.go:94.31,98.3 1 0
eregen.dev/admin-api/internal/store/postgres_audit.go:100.2,106.16 2 0
eregen.dev/admin-api/internal/store/postgres_audit.go:106.16,110.3 1 0
eregen.dev/admin-api/internal/store/postgres_audit.go:112.2,116.18 3 0
eregen.dev/admin-api/internal/store/postgres_audit.go:116.18,122.127 3 0
eregen.dev/admin-api/internal/store/postgres_audit.go:122.127,126.4 1 0
eregen.dev/admin-api/internal/store/postgres_audit.go:128.3,130.25 2 0
eregen.dev/admin-api/internal/store/postgres_audit.go:134.2,134.25 1 0
eregen.dev/admin-api/internal/store/postgres_audit.go:140.120,142.31 1 0
eregen.dev/admin-api/internal/store/postgres_audit.go:142.31,146.3 1 0
eregen.dev/admin-api/internal/store/postgres_audit.go:148.2,154.16 2 0
eregen.dev/admin-api/internal/store/postgres_audit.go:154.16,158.3 1 0
eregen.dev/admin-api/internal/store/postgres_audit.go:160.2,164.18 3 0
eregen.dev/admin-api/internal/store/postgres_audit.go:164.18,170.127 3 0
eregen.dev/admin-api/internal/store/postgres_audit.go:170.127,174.4 1 0
eregen.dev/admin-api/internal/store/postgres_audit.go:176.3,178.25 2 0
eregen.dev/admin-api/internal/store/postgres_audit.go:182.2,182.25 1 0
eregen.dev/admin-api/internal/store/postgres_clinical.go:12.91,24.2 2 0
eregen.dev/admin-api/internal/store/postgres_clinical.go:28.129,38.16 2 0
eregen.dev/admin-api/internal/store/postgres_clinical.go:38.16,42.3 1 0
eregen.dev/admin-api/internal/store/postgres_clinical.go:44.2,50.18 3 0
eregen.dev/admin-api/internal/store/postgres_clinical.go:50.18,54.158 2 0
eregen.dev/admin-api/internal/store/postgres_clinical.go:54.158,58.4 1 0
eregen.dev/admin-api/internal/store/postgres_clinical.go:60.3,60.27 1 0
eregen.dev/admin-api/internal/store/postgres_clinical.go:64.2,64.26 1 0
eregen.dev/admin-api/internal/store/postgres_clinical.go:70.97,82.2 2 0
eregen.dev/admin-api/internal/store/postgres_clinical.go:86.115,94.16 2 0
eregen.dev/admin-api/internal/store/postgres_clinical.go:94.16,98.3 1 0
eregen.dev/admin-api/internal/store/postgres_clinical.go:100.2,106.18 3 0
eregen.dev/admin-api/internal/store/postgres_clinical.go:106.18,110.151 2 0
eregen.dev/admin-api/internal/store/postgres_clinical.go:110.151,114.4 1 0
eregen.dev/admin-api/internal/store/postgres_clinical.go:116.3,116.27 1 0
eregen.dev/admin-api/internal/store/postgres_clinical.go:120.2,120.26 1 0
eregen.dev/admin-api/internal/store/postgres_clinical.go:126.97,132.26 3 0
eregen.dev/admin-api/internal/store/postgres_clinical.go:132.26,136.3 1 0
eregen.dev/admin-api/internal/store/postgres_clinical.go:138.2,138.25 1 0
eregen.dev/admin-api/internal/store/postgres_clinical.go:138.25,142.3 1 0
eregen.dev/admin-api/internal/store/postgres_clinical.go:144.2,152.12 2 0
eregen.dev/admin-api/internal/store/postgres_clinical.go:158.115,166.16 2 0
eregen.dev/admin-api/internal/store/postgres_clinical.go:166.16,170.3 1 0
eregen.dev/admin-api/internal/store/postgres_clinical.go:172.2,178.18 3 0
eregen.dev/admin-api/internal/store/postgres_clinical.go:178.18,182.177 2 0
eregen.dev/admin-api/internal/store/postgres_clinical.go:182.177,186.4 1 0
eregen.dev/admin-api/internal/store/postgres_clinical.go:188.3,188.27 1 0
eregen.dev/admin-api/internal/store/postgres_clinical.go:192.2,192.26 1 0
eregen.dev/admin-api/internal/store/postgres_clinical.go:198.97,210.2 2 0
eregen.dev/admin-api/internal/store/postgres_clinical.go:214.129,220.16 3 0
eregen.dev/admin-api/internal/store/postgres_clinical.go:220.16,228.3 1 0
eregen.dev/admin-api/internal/store/postgres_clinical.go:228.8,236.3 1 0
eregen.dev/admin-api/internal/store/postgres_clinical.go:238.2,238.16 1 0
eregen.dev/admin-api/internal/store/postgres_clinical.go:238.16,242.3 1 0
eregen.dev/admin-api/internal/store/postgres_clinical.go:244.2,250.18 3 0
eregen.dev/admin-api/internal/store/postgres_clinical.go:250.18,254.136 2 0
eregen.dev/admin-api/internal/store/postgres_clinical.go:254.136,258.4 1 0
eregen.dev/admin-api/internal/store/postgres_clinical.go:260.3,260.27 1 0
eregen.dev/admin-api/internal/store/postgres_clinical.go:264.2,264.26 1 0
eregen.dev/admin-api/internal/store/postgres_clinical.go:270.101,274.15 2 0
eregen.dev/admin-api/internal/store/postgres_clinical.go:274.15,278.3 1 0
eregen.dev/admin-api/internal/store/postgres_clinical.go:280.2,282.25 2 0
eregen.dev/admin-api/internal/store/postgres_clinical.go:282.25,286.3 1 0
eregen.dev/admin-api/internal/store/postgres_clinical.go:288.2,290.24 2 0
eregen.dev/admin-api/internal/store/postgres_clinical.go:290.24,294.3 1 0
eregen.dev/admin-api/internal/store/postgres_clinical.go:296.2,304.12 2 0
eregen.dev/admin-api/internal/store/postgres_clinical.go:310.121,320.16 2 0
eregen.dev/admin-api/internal/store/postgres_clinical.go:320.16,324.3 1 0
eregen.dev/admin-api/internal/store/postgres_clinical.go:326.2,332.18 3 0
eregen.dev/admin-api/internal/store/postgres_clinical.go:332.18,340.166 4 0
eregen.dev/admin-api/internal/store/postgres_clinical.go:340.166,344.4 1 0
eregen.dev/admin-api/internal/store/postgres_clinical.go:346.3,348.22 2 0
eregen.dev/admin-api/internal/store/postgres_clinical.go:348.22,352.4 1 0
eregen.dev/admin-api/internal/store/postgres_clinical.go:354.3,354.27 1 0
eregen.dev/admin-api/internal/store/postgres_clinical.go:358.2,358.26 1 0
eregen.dev/admin-api/internal/store/postgres_clinical.go:364.96,370.2 2 0
eregen.dev/admin-api/internal/store/postgres_clinical.go:374.113,386.16 3 0
eregen.dev/admin-api/internal/store/postgres_clinical.go:386.16,390.3 1 0
eregen.dev/admin-api/internal/store/postgres_clinical.go:392.2,392.20 1 0
eregen.dev/admin-api/internal/store/postgres_clinical.go:398.107,420.16 3 0
eregen.dev/admin-api/internal/store/postgres_clinical.go:420.16,424.3 1 0
eregen.dev/admin-api/internal/store/postgres_clinical.go:426.2,426.23 1 0
eregen.dev/admin-api/internal/store/postgres_clinical.go:432.105,442.2 2 0
eregen.dev/admin-api/internal/store/postgres_clinical.go:446.105,454.16 2 0
eregen.dev/admin-api/internal/store/postgres_clinical.go:454.16,458.3 1 0
eregen.dev/admin-api/internal/store/postgres_clinical.go:460.2,466.18 3 0
eregen.dev/admin-api/internal/store/postgres_clinical.go:466.18,470.119 2 0
eregen.dev/admin-api/internal/store/postgres_clinical.go:470.119,474.4 1 0
eregen.dev/admin-api/internal/store/postgres_clinical.go:476.3,476.27 1 0
eregen.dev/admin-api/internal/store/postgres_clinical.go:480.2,480.26 1 0
eregen.dev/admin-api/internal/store/postgres_community.go:11.98,15.16 4 0
eregen.dev/admin-api/internal/store/postgres_community.go:15.16,15.63 1 0
eregen.dev/admin-api/internal/store/postgres_community.go:17.2,19.12 2 0
eregen.dev/admin-api/internal/store/postgres_community.go:23.106,31.2 3 0
eregen.dev/admin-api/internal/store/postgres_community.go:33.133,39.18 3 0
eregen.dev/admin-api/internal/store/postgres_community.go:39.18,39.104 2 0
eregen.dev/admin-api/internal/store/postgres_community.go:41.2,47.16 4 0
eregen.dev/admin-api/internal/store/postgres_community.go:47.16,47.35 1 0
eregen.dev/admin-api/internal/store/postgres_community.go:49.2,53.18 3 0
eregen.dev/admin-api/internal/store/postgres_community.go:53.18,57.224 2 0
eregen.dev/admin-api/internal/store/postgres_community.go:57.224,57.243 1 0
eregen.dev/admin-api/internal/store/postgres_community.go:59.3,59.27 1 0
eregen.dev/admin-api/internal/store/postgres_community.go:63.2,63.26 1 0
eregen.dev/admin-api/internal/store/postgres_community.go:67.98,75.2 3 0
eregen.dev/admin-api/internal/store/postgres_community.go:77.84,83.2 2 0
eregen.dev/admin-api/internal/store/postgres_community.go:85.109,89.16 2 0
eregen.dev/admin-api/internal/store/postgres_community.go:89.16,89.30 1 0
eregen.dev/admin-api/internal/store/postgres_community.go:91.2,95.16 3 0
eregen.dev/admin-api/internal/store/postgres_community.go:95.16,95.30 1 0
eregen.dev/admin-api/internal/store/postgres_community.go:97.2,99.27 2 0
eregen.dev/admin-api/internal/store/postgres_community.go:99.27,101.17 1 0
eregen.dev/admin-api/internal/store/postgres_community.go:101.17,101.71 1 0
eregen.dev/admin-api/internal/store/postgres_community.go:103.3,103.161 1 0
eregen.dev/admin-api/internal/store/postgres_community.go:103.161,103.175 1 0
eregen.dev/admin-api/internal/store/postgres_community.go:107.2,107.20 1 0
eregen.dev/admin-api/internal/store/postgres_community.go:111.105,129.2 8 0
eregen.dev/admin-api/internal/store/postgres_community.go:131.109,135.16 4 0
eregen.dev/admin-api/internal/store/postgres_community.go:135.16,135.63 1 0
eregen.dev/admin-api/internal/store/postgres_community.go:137.2,139.12 2 0
eregen.dev/admin-api/internal/store/postgres_community.go:143.123,151.2 3 0
eregen.dev/admin-api/internal/store/postgres_community.go:153.144,159.18 3 0
eregen.dev/admin-api/internal/store/postgres_community.go:159.18,159.104 2 0
eregen.dev/admin-api/internal/store/postgres_community.go:161.2,167.16 4 0
eregen.dev/admin-api/internal/store/postgres_community.go:167.16,167.35 1 0
eregen.dev/admin-api/internal/store/postgres_community.go:169.2,173.18 3 0
eregen.dev/admin-api/internal/store/postgres_community.go:173.18,177.136 2 0
eregen.dev/admin-api/internal/store/postgres_community.go:177.136,177.155 1 0
eregen.dev/admin-api/internal/store/postgres_community.go:179.3,179.27 1 0
eregen.dev/admin-api/internal/store/postgres_community.go:183.2,183.26 1 0
eregen.dev/admin-api/internal/store/postgres_community.go:187.109,195.2 3 0
eregen.dev/admin-api/internal/store/postgres_community.go:197.103,205.2 3 0
eregen.dev/admin-api/internal/store/postgres_community.go:207.97,213.2 2 0
eregen.dev/admin-api/internal/store/postgres_community.go:215.111,219.16 4 0
eregen.dev/admin-api/internal/store/postgres_community.go:219.16,219.64 1 0
eregen.dev/admin-api/internal/store/postgres_community.go:221.2,223.12 2 0
eregen.dev/admin-api/internal/store/postgres_community.go:227.111,235.2 3 0
eregen.dev/admin-api/internal/store/postgres_community.go:237.111,241.16 2 0
eregen.dev/admin-api/internal/store/postgres_community.go:241.16,241.35 1 0
eregen.dev/admin-api/internal/store/postgres_community.go:243.2,247.18 3 0
eregen.dev/admin-api/internal/store/postgres_community.go:247.18,255.3 3 0
eregen.dev/admin-api/internal/store/postgres_community.go:257.2,257.26 1 0
eregen.dev/admin-api/internal/store/postgres_community.go:261.124,269.2 3 0
eregen.dev/admin-api/internal/store/postgres_community.go:271.107,275.22 3 0
eregen.dev/admin-api/internal/store/postgres_community.go:275.22,275.76 1 0
eregen.dev/admin-api/internal/store/postgres_community.go:277.2,279.12 2 0
eregen.dev/admin-api/internal/store/postgres_community.go:283.94,289.2 2 0
eregen.dev/admin-api/internal/store/postgres_community.go:291.122,295.16 2 0
eregen.dev/admin-api/internal/store/postgres_community.go:295.16,295.35 1 0
eregen.dev/admin-api/internal/store/postgres_community.go:297.2,301.18 3 0
eregen.dev/admin-api/internal/store/postgres_community.go:301.18,305.159 2 0
eregen.dev/admin-api/internal/store/postgres_community.go:305.159,305.178 1 0
eregen.dev/admin-api/internal/store/postgres_community.go:307.3,307.27 1 0
eregen.dev/admin-api/internal/store/postgres_community.go:311.2,311.26 1 0
eregen.dev/admin-api/internal/store/postgres_community.go:315.106,319.19 2 0
eregen.dev/admin-api/internal/store/postgres_community.go:319.19,319.81 1 0
eregen.dev/admin-api/internal/store/postgres_community.go:321.2,323.12 2 0
eregen.dev/admin-api/internal/store/postgres_community.go:327.159,333.19 3 0
eregen.dev/admin-api/internal/store/postgres_community.go:333.19,333.108 2 0
eregen.dev/admin-api/internal/store/postgres_community.go:335.2,335.18 1 0
eregen.dev/admin-api/internal/store/postgres_community.go:335.18,335.104 2 0
eregen.dev/admin-api/internal/store/postgres_community.go:337.2,337.22 1 0
eregen.dev/admin-api/internal/store/postgres_community.go:337.22,337.117 2 0
eregen.dev/admin-api/internal/store/postgres_community.go:339.2,345.16 4 0
eregen.dev/admin-api/internal/store/postgres_community.go:345.16,345.35 1 0
eregen.dev/admin-api/internal/store/postgres_community.go:347.2,351.18 3 0
eregen.dev/admin-api/internal/store/postgres_community.go:351.18,355.193 2 0
eregen.dev/admin-api/internal/store/postgres_community.go:355.193,355.212 1 0
eregen.dev/admin-api/internal/store/postgres_community.go:357.3,357.27 1 0
eregen.dev/admin-api/internal/store/postgres_community.go:361.2,361.26 1 0
eregen.dev/admin-api/internal/store/postgres_community.go:365.125,373.2 3 0
eregen.dev/admin-api/internal/store/postgres_community.go:375.104,379.19 2 0
eregen.dev/admin-api/internal/store/postgres_community.go:379.19,379.83 1 0
eregen.dev/admin-api/internal/store/postgres_community.go:381.2,383.12 2 0
eregen.dev/admin-api/internal/store/postgres_community.go:387.145,393.19 3 0
eregen.dev/admin-api/internal/store/postgres_community.go:393.19,393.108 2 0
eregen.dev/admin-api/internal/store/postgres_community.go:395.2,395.18 1 0
eregen.dev/admin-api/internal/store/postgres_community.go:395.18,395.104 2 0
eregen.dev/admin-api/internal/store/postgres_community.go:397.2,403.16 4 0
eregen.dev/admin-api/internal/store/postgres_community.go:403.16,403.35 1 0
eregen.dev/admin-api/internal/store/postgres_community.go:405.2,409.18 3 0
eregen.dev/admin-api/internal/store/postgres_community.go:409.18,413.194 2 0
eregen.dev/admin-api/internal/store/postgres_community.go:413.194,413.213 1 0
eregen.dev/admin-api/internal/store/postgres_community.go:415.3,415.27 1 0
eregen.dev/admin-api/internal/store/postgres_community.go:419.2,419.26 1 0
eregen.dev/admin-api/internal/store/postgres_community.go:423.103,427.16 3 0
eregen.dev/admin-api/internal/store/postgres_community.go:427.16,427.63 1 0
eregen.dev/admin-api/internal/store/postgres_community.go:429.2,431.12 2 0
eregen.dev/admin-api/internal/store/postgres_community.go:435.122,439.16 2 0
eregen.dev/admin-api/internal/store/postgres_community.go:439.16,439.35 1 0
eregen.dev/admin-api/internal/store/postgres_community.go:441.2,445.18 3 0
eregen.dev/admin-api/internal/store/postgres_community.go:445.18,449.180 2 0
eregen.dev/admin-api/internal/store/postgres_community.go:449.180,449.199 1 0
eregen.dev/admin-api/internal/store/postgres_community.go:451.3,451.27 1 0
eregen.dev/admin-api/internal/store/postgres_community.go:455.2,455.26 1 0
eregen.dev/admin-api/internal/store/postgres_community.go:459.106,467.2 3 0
eregen.dev/admin-api/internal/store/postgres_community.go:469.105,473.18 3 0
eregen.dev/admin-api/internal/store/postgres_community.go:473.18,473.67 1 0
eregen.dev/admin-api/internal/store/postgres_community.go:475.2,477.12 2 0
eregen.dev/admin-api/internal/store/postgres_community.go:481.116,485.16 2 0
eregen.dev/admin-api/internal/store/postgres_community.go:485.16,485.30 1 0
eregen.dev/admin-api/internal/store/postgres_community.go:487.2,491.16 3 0
eregen.dev/admin-api/internal/store/postgres_community.go:491.16,491.30 1 0
eregen.dev/admin-api/internal/store/postgres_community.go:493.2,497.31 3 0
eregen.dev/admin-api/internal/store/postgres_community.go:497.31,499.19 1 0
eregen.dev/admin-api/internal/store/postgres_community.go:499.19,499.68 1 0
eregen.dev/admin-api/internal/store/postgres_community.go:501.3,501.200 1 0
eregen.dev/admin-api/internal/store/postgres_community.go:501.200,501.214 1 0
eregen.dev/admin-api/internal/store/postgres_community.go:505.2,505.20 1 0
eregen.dev/admin-api/internal/store/postgres_community.go:509.139,515.19 3 0
eregen.dev/admin-api/internal/store/postgres_community.go:515.19,515.108 2 0
eregen.dev/admin-api/internal/store/postgres_community.go:517.2,523.16 4 0
eregen.dev/admin-api/internal/store/postgres_community.go:523.16,523.35 1 0
eregen.dev/admin-api/internal/store/postgres_community.go:525.2,529.18 3 0
eregen.dev/admin-api/internal/store/postgres_community.go:529.18,533.196 2 0
eregen.dev/admin-api/internal/store/postgres_community.go:533.196,533.215 1 0
eregen.dev/admin-api/internal/store/postgres_community.go:535.3,535.29 1 0
eregen.dev/admin-api/internal/store/postgres_community.go:539.2,539.26 1 0
eregen.dev/admin-api/internal/store/postgres_community.go:543.118,549.2 2 0
eregen.dev/admin-api/internal/store/postgres_community.go:551.82,559.2 3 0
eregen.dev/admin-api/internal/store/postgres_dashboard.go:10.95,14.131 2 0
eregen.dev/admin-api/internal/store/postgres_dashboard.go:14.131,18.3 1 0
eregen.dev/admin-api/internal/store/postgres_dashboard.go:20.2,20.108 1 0
eregen.dev/admin-api/internal/store/postgres_dashboard.go:20.108,24.3 1 0
eregen.dev/admin-api/internal/store/postgres_dashboard.go:26.2,26.130 1 0
eregen.dev/admin-api/internal/store/postgres_dashboard.go:26.130,30.3 1 0
eregen.dev/admin-api/internal/store/postgres_dashboard.go:32.2,32.144 1 0
eregen.dev/admin-api/internal/store/postgres_dashboard.go:32.144,36.3 1 0
eregen.dev/admin-api/internal/store/postgres_dashboard.go:38.2,38.144 1 0
eregen.dev/admin-api/internal/store/postgres_dashboard.go:38.144,42.3 1 0
eregen.dev/admin-api/internal/store/postgres_dashboard.go:44.2,44.144 1 0
eregen.dev/admin-api/internal/store/postgres_dashboard.go:44.144,48.3 1 0
eregen.dev/admin-api/internal/store/postgres_dashboard.go:50.2,50.104 1 0
eregen.dev/admin-api/internal/store/postgres_dashboard.go:50.104,54.3 1 0
eregen.dev/admin-api/internal/store/postgres_dashboard.go:56.2,56.143 1 0
eregen.dev/admin-api/internal/store/postgres_dashboard.go:56.143,60.3 1 0
eregen.dev/admin-api/internal/store/postgres_dashboard.go:62.2,62.20 1 0
eregen.dev/admin-api/internal/store/postgres_dashboard.go:70.101,82.16 2 0
eregen.dev/admin-api/internal/store/postgres_dashboard.go:82.16,86.3 1 0
eregen.dev/admin-api/internal/store/postgres_dashboard.go:88.2,94.18 3 0
eregen.dev/admin-api/internal/store/postgres_dashboard.go:94.18,98.65 2 0
eregen.dev/admin-api/internal/store/postgres_dashboard.go:98.65,102.4 1 0
eregen.dev/admin-api/internal/store/postgres_dashboard.go:104.3,104.28 1 0
eregen.dev/admin-api/internal/store/postgres_dashboard.go:108.2,108.26 1 0
eregen.dev/admin-api/internal/store/postgres_dashboard.go:116.103,132.16 3 0
eregen.dev/admin-api/internal/store/postgres_dashboard.go:132.16,136.3 1 0
eregen.dev/admin-api/internal/store/postgres_dashboard.go:138.2,144.18 3 0
eregen.dev/admin-api/internal/store/postgres_dashboard.go:144.18,148.79 2 0
eregen.dev/admin-api/internal/store/postgres_dashboard.go:148.79,152.4 1 0
eregen.dev/admin-api/internal/store/postgres_dashboard.go:154.3,154.29 1 0
eregen.dev/admin-api/internal/store/postgres_dashboard.go:158.2,158.27 1 0
eregen.dev/admin-api/internal/store/postgres_dashboard.go:166.106,174.16 2 0
eregen.dev/admin-api/internal/store/postgres_dashboard.go:174.16,178.3 1 0
eregen.dev/admin-api/internal/store/postgres_dashboard.go:180.2,202.18 4 0
eregen.dev/admin-api/internal/store/postgres_dashboard.go:202.18,206.60 2 0
eregen.dev/admin-api/internal/store/postgres_dashboard.go:206.60,210.4 1 0
eregen.dev/admin-api/internal/store/postgres_dashboard.go:212.3,214.32 2 0
eregen.dev/admin-api/internal/store/postgres_dashboard.go:218.2,218.27 1 0
eregen.dev/admin-api/internal/store/postgres_dashboard.go:226.105,238.16 3 0
eregen.dev/admin-api/internal/store/postgres_dashboard.go:238.16,242.3 1 0
eregen.dev/admin-api/internal/store/postgres_dashboard.go:244.2,250.18 3 0
eregen.dev/admin-api/internal/store/postgres_dashboard.go:250.18,254.58 2 0
eregen.dev/admin-api/internal/store/postgres_dashboard.go:254.58,258.4 1 0
eregen.dev/admin-api/internal/store/postgres_dashboard.go:260.3,260.29 1 0
eregen.dev/admin-api/internal/store/postgres_dashboard.go:264.2,264.27 1 0
eregen.dev/admin-api/internal/store/postgres_device.go:13.139,27.18 4 0
eregen.dev/admin-api/internal/store/postgres_device.go:27.18,35.3 3 0
eregen.dev/admin-api/internal/store/postgres_device.go:37.2,37.19 1 0
eregen.dev/admin-api/internal/store/postgres_device.go:37.19,45.3 3 0
eregen.dev/admin-api/internal/store/postgres_device.go:47.2,47.16 1 0
eregen.dev/admin-api/internal/store/postgres_device.go:47.16,55.3 3 0
eregen.dev/admin-api/internal/store/postgres_device.go:57.2,65.16 4 0
eregen.dev/admin-api/internal/store/postgres_device.go:65.16,69.3 1 0
eregen.dev/admin-api/internal/store/postgres_device.go:71.2,77.18 3 0
eregen.dev/admin-api/internal/store/postgres_device.go:77.18,81.127 2 0
eregen.dev/admin-api/internal/store/postgres_device.go:81.127,85.4 1 0
eregen.dev/admin-api/internal/store/postgres_device.go:87.3,87.31 1 0
eregen.dev/admin-api/internal/store/postgres_device.go:91.2,91.28 1 0
eregen.dev/admin-api/internal/store/postgres_device.go:99.100,125.16 3 0
eregen.dev/admin-api/internal/store/postgres_device.go:125.16,127.27 1 0
eregen.dev/admin-api/internal/store/postgres_device.go:127.27,131.4 1 0
eregen.dev/admin-api/internal/store/postgres_device.go:133.3,133.48 1 0
eregen.dev/admin-api/internal/store/postgres_device.go:137.2,137.16 1 0
eregen.dev/admin-api/internal/store/postgres_device.go:145.119,153.16 2 0
eregen.dev/admin-api/internal/store/postgres_device.go:153.16,157.3 1 0
eregen.dev/admin-api/internal/store/postgres_device.go:159.2,161.12 2 0
eregen.dev/admin-api/internal/store/postgres_device.go:169.105,179.2 2 0
eregen.dev/admin-api/internal/store/postgres_device.go:185.82,197.2 2 0
eregen.dev/admin-api/internal/store/postgres_device.go:203.113,205.31 1 0
eregen.dev/admin-api/internal/store/postgres_device.go:205.31,215.31 3 0
eregen.dev/admin-api/internal/store/postgres_device.go:215.31,219.4 1 0
eregen.dev/admin-api/internal/store/postgres_device.go:223.2,223.12 1 0
eregen.dev/admin-api/internal/store/postgres_device.go:230.89,238.2 3 0
eregen.dev/admin-api/internal/store/postgres_firmware.go:11.100,23.2 2 0
eregen.dev/admin-api/internal/store/postgres_firmware.go:29.100,37.16 2 0
eregen.dev/admin-api/internal/store/postgres_firmware.go:37.16,41.3 1 0
eregen.dev/admin-api/internal/store/postgres_firmware.go:43.2,49.18 3 0
eregen.dev/admin-api/internal/store/postgres_firmware.go:49.18,55.108 2 0
eregen.dev/admin-api/internal/store/postgres_firmware.go:55.108,59.4 1 0
eregen.dev/admin-api/internal/store/postgres_firmware.go:61.3,61.29 1 0
eregen.dev/admin-api/internal/store/postgres_firmware.go:65.2,65.27 1 0
eregen.dev/admin-api/internal/store/postgres_firmware.go:73.85,79.2 2 0
eregen.dev/admin-api/internal/store/postgres_firmware.go:85.108,92.16 3 0
eregen.dev/admin-api/internal/store/postgres_firmware.go:92.16,94.3 1 0
eregen.dev/admin-api/internal/store/postgres_firmware.go:95.2,95.16 1 0
eregen.dev/admin-api/internal/store/postgres_firmware.go:99.103,101.16 2 0
eregen.dev/admin-api/internal/store/postgres_firmware.go:101.16,103.3 1 0
eregen.dev/admin-api/internal/store/postgres_firmware.go:104.2,104.24 1 0
eregen.dev/admin-api/internal/store/postgres_firmware.go:104.24,106.3 1 0
eregen.dev/admin-api/internal/store/postgres_firmware.go:107.2,107.29 1 0
eregen.dev/admin-api/internal/store/postgres_firmware.go:107.29,109.3 1 0
eregen.dev/admin-api/internal/store/postgres_firmware.go:110.2,110.30 1 0
eregen.dev/admin-api/internal/store/postgres_firmware.go:115.112,121.24 3 0
eregen.dev/admin-api/internal/store/postgres_firmware.go:121.24,125.3 1 0
eregen.dev/admin-api/internal/store/postgres_firmware.go:127.2,133.16 2 0
eregen.dev/admin-api/internal/store/postgres_firmware.go:137.93,147.16 3 0
eregen.dev/admin-api/internal/store/postgres_firmware.go:147.16,151.3 1 0
eregen.dev/admin-api/internal/store/postgres_firmware.go:153.2,153.18 1 0
eregen.dev/admin-api/internal/store/postgres_institution.go:16.145,32.16 4 0
eregen.dev/admin-api/internal/store/postgres_institution.go:32.16,38.3 2 0
eregen.dev/admin-api/internal/store/postgres_institution.go:40.2,40.15 1 0
eregen.dev/admin-api/internal/store/postgres_institution.go:40.15,46.3 2 0
eregen.dev/admin-api/internal/store/postgres_institution.go:48.2,48.18 1 0
eregen.dev/admin-api/internal/store/postgres_institution.go:48.18,54.3 2 0
eregen.dev/admin-api/internal/store/postgres_institution.go:58.2,58.25 1 0
eregen.dev/admin-api/internal/store/postgres_institution.go:58.25,62.3 1 0
eregen.dev/admin-api/internal/store/postgres_institution.go:64.2,68.30 2 0
eregen.dev/admin-api/internal/store/postgres_institution.go:68.30,74.3 2 0
eregen.dev/admin-api/internal/store/postgres_institution.go:78.2,80.16 2 0
eregen.dev/admin-api/internal/store/postgres_institution.go:80.16,84.3 1 0
eregen.dev/admin-api/internal/store/postgres_institution.go:86.2,92.18 3 0
eregen.dev/admin-api/internal/store/postgres_institution.go:92.18,102.17 3 0
eregen.dev/admin-api/internal/store/postgres_institution.go:102.17,106.4 1 0
eregen.dev/admin-api/internal/store/postgres_institution.go:108.3,108.30 1 0
eregen.dev/admin-api/internal/store/postgres_institution.go:112.2,112.26 1 0
eregen.dev/admin-api/internal/store/postgres_institution.go:120.107,140.16 3 0
eregen.dev/admin-api/internal/store/postgres_institution.go:140.16,142.36 1 0
eregen.dev/admin-api/internal/store/postgres_institution.go:142.36,146.4 1 0
eregen.dev/admin-api/internal/store/postgres_institution.go:148.3,148.53 1 0
eregen.dev/admin-api/internal/store/postgres_institution.go:152.2,152.19 1 0
eregen.dev/admin-api/internal/store/postgres_institution.go:160.99,172.2 2 0
eregen.dev/admin-api/internal/store/postgres_institution.go:178.105,186.28 4 0
eregen.dev/admin-api/internal/store/postgres_institution.go:186.28,194.3 3 0
eregen.dev/admin-api/internal/store/postgres_institution.go:196.2,200.12 3 0
eregen.dev/admin-api/internal/store/postgres_institution.go:208.81,214.2 2 0
eregen.dev/admin-api/internal/store/postgres_institution.go:220.114,234.16 5 0
eregen.dev/admin-api/internal/store/postgres_institution.go:234.16,238.3 1 0
eregen.dev/admin-api/internal/store/postgres_institution.go:240.2,240.22 1 0
eregen.dev/admin-api/internal/store/postgres_institution.go:248.105,254.2 2 0
eregen.dev/admin-api/internal/store/postgres_patient.go:12.91,26.2 3 0
eregen.dev/admin-api/internal/store/postgres_patient.go:30.99,46.16 4 0
eregen.dev/admin-api/internal/store/postgres_patient.go:46.16,48.27 1 0
eregen.dev/admin-api/internal/store/postgres_patient.go:48.27,52.4 1 0
eregen.dev/admin-api/internal/store/postgres_patient.go:54.3,54.49 1 0
eregen.dev/admin-api/internal/store/postgres_patient.go:58.2,60.16 2 0
eregen.dev/admin-api/internal/store/postgres_patient.go:66.126,76.18 4 0
eregen.dev/admin-api/internal/store/postgres_patient.go:76.18,84.3 3 0
eregen.dev/admin-api/internal/store/postgres_patient.go:86.2,94.16 4 0
eregen.dev/admin-api/internal/store/postgres_patient.go:94.16,98.3 1 0
eregen.dev/admin-api/internal/store/postgres_patient.go:100.2,106.18 3 0
eregen.dev/admin-api/internal/store/postgres_patient.go:106.18,110.154 2 0
eregen.dev/admin-api/internal/store/postgres_patient.go:110.154,114.4 1 0
eregen.dev/admin-api/internal/store/postgres_patient.go:116.3,116.33 1 0
eregen.dev/admin-api/internal/store/postgres_patient.go:120.2,120.29 1 0
eregen.dev/admin-api/internal/store/postgres_patient.go:126.91,138.2 3 0
eregen.dev/admin-api/internal/store/postgres_patient.go:142.77,148.2 2 0
eregen.dev/admin-api/internal/store/postgres_patient.go:152.121,168.16 4 0
eregen.dev/admin-api/internal/store/postgres_patient.go:168.16,170.27 1 0
eregen.dev/admin-api/internal/store/postgres_patient.go:170.27,174.4 1 0
eregen.dev/admin-api/internal/store/postgres_patient.go:176.3,176.18 1 0
eregen.dev/admin-api/internal/store/postgres_patient.go:180.2,182.16 2 0
eregen.dev/admin-api/internal/store/postgres_patient.go:188.105,190.29 1 0
eregen.dev/admin-api/internal/store/postgres_patient.go:190.29,192.50 1 0
eregen.dev/admin-api/internal/store/postgres_patient.go:192.50,196.4 1 0
eregen.dev/admin-api/internal/store/postgres_patient.go:200.2,200.12 1 0
eregen.dev/admin-api/internal/store/postgres_patient.go:206.120,210.16 2 0
eregen.dev/admin-api/internal/store/postgres_patient.go:210.16,214.3 1 0
eregen.dev/admin-api/internal/store/postgres_patient.go:216.2,216.65 1 0
eregen.dev/admin-api/internal/store/postgres_regulatory.go:11.103,15.17 4 0
eregen.dev/admin-api/internal/store/postgres_regulatory.go:15.17,15.65 1 0
eregen.dev/admin-api/internal/store/postgres_regulatory.go:17.2,19.12 2 0
eregen.dev/admin-api/internal/store/postgres_regulatory.go:23.118,31.2 5 0
eregen.dev/admin-api/internal/store/postgres_regulatory.go:33.103,41.2 3 0
eregen.dev/admin-api/internal/store/postgres_regulatory.go:43.164,51.20 3 0
eregen.dev/admin-api/internal/store/postgres_regulatory.go:51.20,51.111 2 0
eregen.dev/admin-api/internal/store/postgres_regulatory.go:53.2,53.17 1 0
eregen.dev/admin-api/internal/store/postgres_regulatory.go:53.17,53.104 2 0
eregen.dev/admin-api/internal/store/postgres_regulatory.go:55.2,55.18 1 0
eregen.dev/admin-api/internal/store/postgres_regulatory.go:55.18,55.104 2 0
eregen.dev/admin-api/internal/store/postgres_regulatory.go:57.2,57.22 1 0
eregen.dev/admin-api/internal/store/postgres_regulatory.go:57.22,57.116 2 0
eregen.dev/admin-api/internal/store/postgres_regulatory.go:59.2,65.16 4 0
eregen.dev/admin-api/internal/store/postgres_regulatory.go:65.16,65.35 1 0
eregen.dev/admin-api/internal/store/postgres_regulatory.go:67.2,71.18 3 0
eregen.dev/admin-api/internal/store/postgres_regulatory.go:71.18,75.242 2 0
eregen.dev/admin-api/internal/store/postgres_regulatory.go:75.242,75.261 1 0
eregen.dev/admin-api/internal/store/postgres_regulatory.go:77.3,77.27 1 0
eregen.dev/admin-api/internal/store/postgres_regulatory.go:81.2,81.26 1 0
eregen.dev/admin-api/internal/store/postgres_regulatory.go:85.113,93.2 3 0
eregen.dev/admin-api/internal/store/postgres_regulatory.go:95.93,101.2 2 0
eregen.dev/admin-api/internal/store/postgres_regulatory.go:103.106,109.2 2 0
eregen.dev/admin-api/internal/store/postgres_regulatory.go:111.120,115.16 2 0
eregen.dev/admin-api/internal/store/postgres_regulatory.go:115.16,115.35 1 0
eregen.dev/admin-api/internal/store/postgres_regulatory.go:117.2,121.18 3 0
eregen.dev/admin-api/internal/store/postgres_regulatory.go:121.18,121.110 3 0
eregen.dev/admin-api/internal/store/postgres_regulatory.go:123.2,123.27 1 0
eregen.dev/admin-api/internal/store/postgres_regulatory.go:127.102,131.18 2 0
eregen.dev/admin-api/internal/store/postgres_regulatory.go:131.18,131.78 1 0
eregen.dev/admin-api/internal/store/postgres_regulatory.go:133.2,133.39 2 0
eregen.dev/admin-api/internal/store/postgres_regulatory.go:133.39,133.58 1 0
eregen.dev/admin-api/internal/store/postgres_regulatory.go:135.2,137.12 2 0
eregen.dev/admin-api/internal/store/postgres_regulatory.go:141.131,145.16 2 0
eregen.dev/admin-api/internal/store/postgres_regulatory.go:145.16,145.35 1 0
eregen.dev/admin-api/internal/store/postgres_regulatory.go:147.2,151.18 3 0
eregen.dev/admin-api/internal/store/postgres_regulatory.go:151.18,159.120 4 0
eregen.dev/admin-api/internal/store/postgres_regulatory.go:159.120,159.139 1 0
eregen.dev/admin-api/internal/store/postgres_regulatory.go:161.3,165.27 3 0
eregen.dev/admin-api/internal/store/postgres_regulatory.go:169.2,169.26 1 0
eregen.dev/admin-api/internal/store/postgres_regulatory.go:173.118,193.2 5 0
eregen.dev/admin-api/internal/store/postgres_regulatory.go:195.131,199.22 2 0
eregen.dev/admin-api/internal/store/postgres_regulatory.go:199.22,207.3 3 0
eregen.dev/admin-api/internal/store/postgres_regulatory.go:207.8,211.3 1 0
eregen.dev/admin-api/internal/store/postgres_regulatory.go:213.2,223.18 3 0
eregen.dev/admin-api/internal/store/postgres_regulatory.go:223.18,227.69 2 0
eregen.dev/admin-api/internal/store/postgres_regulatory.go:227.69,227.129 1 0
eregen.dev/admin-api/internal/store/postgres_regulatory.go:231.2,235.22 3 0
eregen.dev/admin-api/internal/store/postgres_regulatory.go:239.146,247.22 3 0
eregen.dev/admin-api/internal/store/postgres_regulatory.go:247.22,247.118 2 0
eregen.dev/admin-api/internal/store/postgres_regulatory.go:249.2,255.16 4 0
eregen.dev/admin-api/internal/store/postgres_regulatory.go:255.16,255.35 1 0
eregen.dev/admin-api/internal/store/postgres_regulatory.go:257.2,261.18 3 0
eregen.dev/admin-api/internal/store/postgres_regulatory.go:261.18,265.108 2 0
eregen.dev/admin-api/internal/store/postgres_regulatory.go:265.108,265.127 1 0
eregen.dev/admin-api/internal/store/postgres_regulatory.go:267.3,267.27 1 0
eregen.dev/admin-api/internal/store/postgres_regulatory.go:271.2,271.26 1 0
eregen.dev/admin-api/internal/store/postgres_regulatory.go:275.125,285.16 4 0
eregen.dev/admin-api/internal/store/postgres_regulatory.go:285.16,285.35 1 0
eregen.dev/admin-api/internal/store/postgres_regulatory.go:287.2,299.18 6 0
eregen.dev/admin-api/internal/store/postgres_regulatory.go:299.18,303.167 2 0
eregen.dev/admin-api/internal/store/postgres_regulatory.go:303.167,303.223 1 0
eregen.dev/admin-api/internal/store/postgres_regulatory.go:307.2,311.19 3 0
eregen.dev/admin-api/internal/store/postgres_regulatory.go:311.19,315.142 2 0
eregen.dev/admin-api/internal/store/postgres_regulatory.go:315.142,315.194 1 0
eregen.dev/admin-api/internal/store/postgres_regulatory.go:319.2,323.19 3 0
eregen.dev/admin-api/internal/store/postgres_regulatory.go:323.19,327.159 2 0
eregen.dev/admin-api/internal/store/postgres_regulatory.go:327.159,327.205 1 0
eregen.dev/admin-api/internal/store/postgres_regulatory.go:331.2,335.19 3 0
eregen.dev/admin-api/internal/store/postgres_regulatory.go:335.19,339.123 2 0
eregen.dev/admin-api/internal/store/postgres_regulatory.go:339.123,339.177 1 0
eregen.dev/admin-api/internal/store/postgres_regulatory.go:343.2,347.19 3 0
eregen.dev/admin-api/internal/store/postgres_regulatory.go:347.19,355.121 4 0
eregen.dev/admin-api/internal/store/postgres_regulatory.go:355.121,355.222 3 0
eregen.dev/admin-api/internal/store/postgres_regulatory.go:359.2,363.19 3 0
eregen.dev/admin-api/internal/store/postgres_regulatory.go:363.19,367.165 2 0
eregen.dev/admin-api/internal/store/postgres_regulatory.go:367.165,367.225 1 0
eregen.dev/admin-api/internal/store/postgres_regulatory.go:371.2,371.19 1 0
eregen.dev/admin-api/internal/store/postgres_regulatory.go:375.100,379.16 2 0
eregen.dev/admin-api/internal/store/postgres_regulatory.go:379.16,379.35 1 0
eregen.dev/admin-api/internal/store/postgres_regulatory.go:381.2,385.18 3 0
eregen.dev/admin-api/internal/store/postgres_regulatory.go:385.18,393.3 3 0
eregen.dev/admin-api/internal/store/postgres_regulatory.go:395.2,395.27 1 0
eregen.dev/admin-api/internal/store/postgres_regulatory.go:399.105,405.2 2 0
eregen.dev/admin-api/internal/store/postgres_regulatory.go:407.138,415.21 4 0
eregen.dev/admin-api/internal/store/postgres_regulatory.go:415.21,415.43 1 0
eregen.dev/admin-api/internal/store/postgres_regulatory.go:417.2,417.19 1 0
eregen.dev/admin-api/internal/store/postgres_regulatory.go:417.19,417.37 1 0
eregen.dev/admin-api/internal/store/postgres_regulatory.go:419.2,427.44 5 0
eregen.dev/admin-api/internal/store/postgres_regulatory.go:427.44,431.3 1 0
eregen.dev/admin-api/internal/store/postgres_regulatory.go:433.2,445.18 3 0
eregen.dev/admin-api/internal/store/postgres_regulatory.go:445.18,449.92 2 0
eregen.dev/admin-api/internal/store/postgres_regulatory.go:449.92,449.162 1 0
eregen.dev/admin-api/internal/store/postgres_regulatory.go:453.2,453.20 1 0
eregen.dev/admin-api/internal/store/postgres_regulatory.go:457.119,461.16 2 0
eregen.dev/admin-api/internal/store/postgres_regulatory.go:461.16,461.35 1 0
eregen.dev/admin-api/internal/store/postgres_regulatory.go:463.2,467.18 3 0
eregen.dev/admin-api/internal/store/postgres_regulatory.go:467.18,471.80 2 0
eregen.dev/admin-api/internal/store/postgres_regulatory.go:471.80,471.99 1 0
eregen.dev/admin-api/internal/store/postgres_regulatory.go:473.3,473.27 1 0
eregen.dev/admin-api/internal/store/postgres_regulatory.go:477.2,477.26 1 0
eregen.dev/admin-api/internal/store/postgres_regulatory.go:481.103,485.16 2 0
eregen.dev/admin-api/internal/store/postgres_regulatory.go:485.16,485.35 1 0
eregen.dev/admin-api/internal/store/postgres_regulatory.go:487.2,491.18 3 0
eregen.dev/admin-api/internal/store/postgres_regulatory.go:491.18,495.58 2 0
eregen.dev/admin-api/internal/store/postgres_regulatory.go:495.58,495.77 1 0
eregen.dev/admin-api/internal/store/postgres_regulatory.go:497.3,497.27 1 0
eregen.dev/admin-api/internal/store/postgres_regulatory.go:501.2,501.26 1 0
eregen.dev/admin-api/internal/store/postgres_regulatory.go:505.123,509.21 2 0
eregen.dev/admin-api/internal/store/postgres_regulatory.go:509.21,509.43 1 0
eregen.dev/admin-api/internal/store/postgres_regulatory.go:511.2,511.19 1 0
eregen.dev/admin-api/internal/store/postgres_regulatory.go:511.19,511.37 1 0
eregen.dev/admin-api/internal/store/postgres_regulatory.go:513.2,515.16 2 0
eregen.dev/admin-api/internal/store/postgres_regulatory.go:515.16,515.35 1 0
eregen.dev/admin-api/internal/store/postgres_regulatory.go:517.2,521.18 3 0
eregen.dev/admin-api/internal/store/postgres_regulatory.go:521.18,525.60 2 0
eregen.dev/admin-api/internal/store/postgres_regulatory.go:525.60,525.79 1 0
eregen.dev/admin-api/internal/store/postgres_regulatory.go:527.3,527.27 1 0
eregen.dev/admin-api/internal/store/postgres_regulatory.go:531.2,531.26 1 0
eregen.dev/admin-api/internal/store/postgres_regulatory.go:535.110,537.22 1 0
eregen.dev/admin-api/internal/store/postgres_regulatory.go:537.22,537.82 1 0
eregen.dev/admin-api/internal/store/postgres_regulatory.go:539.2,541.12 2 0
eregen.dev/admin-api/internal/store/postgres_regulatory.go:545.104,549.20 2 0
eregen.dev/admin-api/internal/store/postgres_regulatory.go:549.20,549.85 1 0
eregen.dev/admin-api/internal/store/postgres_regulatory.go:551.2,553.28 2 0
eregen.dev/admin-api/internal/store/postgres_regulatory.go:553.28,553.60 1 0
eregen.dev/admin-api/internal/store/postgres_regulatory.go:555.2,557.12 2 0
eregen.dev/admin-api/internal/store/postgres_settings.go:12.94,18.40 3 0
eregen.dev/admin-api/internal/store/postgres_settings.go:18.40,22.3 1 0
eregen.dev/admin-api/internal/store/postgres_settings.go:24.2,24.30 1 0
eregen.dev/admin-api/internal/store/postgres_settings.go:32.100,44.2 2 0
eregen.dev/admin-api/internal/store/postgres_settings.go:50.89,58.16 2 0
eregen.dev/admin-api/internal/store/postgres_settings.go:58.16,62.3 1 0
eregen.dev/admin-api/internal/store/postgres_settings.go:64.2,70.18 3 0
eregen.dev/admin-api/internal/store/postgres_settings.go:70.18,74.104 2 0
eregen.dev/admin-api/internal/store/postgres_settings.go:74.104,78.4 1 0
eregen.dev/admin-api/internal/store/postgres_settings.go:80.3,80.29 1 0
eregen.dev/admin-api/internal/store/postgres_settings.go:84.2,84.27 1 0
eregen.dev/admin-api/internal/store/postgres_settings.go:92.119,104.2 3 0
eregen.dev/admin-api/internal/store/postgres_settings.go:110.76,116.2 2 0
eregen.dev/admin-api/internal/store/postgres_settings.go:122.93,128.2 2 0
eregen.dev/admin-api/internal/store/postgres_subscription.go:14.143,30.18 4 0
eregen.dev/admin-api/internal/store/postgres_subscription.go:30.18,36.3 2 0
eregen.dev/admin-api/internal/store/postgres_subscription.go:38.2,38.20 1 0
eregen.dev/admin-api/internal/store/postgres_subscription.go:38.20,44.3 2 0
eregen.dev/admin-api/internal/store/postgres_subscription.go:48.2,48.25 1 0
eregen.dev/admin-api/internal/store/postgres_subscription.go:48.25,52.3 1 0
eregen.dev/admin-api/internal/store/postgres_subscription.go:54.2,58.30 2 0
eregen.dev/admin-api/internal/store/postgres_subscription.go:58.30,64.3 2 0
eregen.dev/admin-api/internal/store/postgres_subscription.go:68.2,70.16 2 0
eregen.dev/admin-api/internal/store/postgres_subscription.go:70.16,74.3 1 0
eregen.dev/admin-api/internal/store/postgres_subscription.go:76.2,82.18 3 0
eregen.dev/admin-api/internal/store/postgres_subscription.go:82.18,96.17 4 0
eregen.dev/admin-api/internal/store/postgres_subscription.go:96.17,100.4 1 0
eregen.dev/admin-api/internal/store/postgres_subscription.go:102.3,102.24 1 0
eregen.dev/admin-api/internal/store/postgres_subscription.go:102.24,106.4 1 0
eregen.dev/admin-api/internal/store/postgres_subscription.go:108.3,108.30 1 0
eregen.dev/admin-api/internal/store/postgres_subscription.go:112.2,112.26 1 0
eregen.dev/admin-api/internal/store/postgres_subscription.go:120.106,146.16 4 0
eregen.dev/admin-api/internal/store/postgres_subscription.go:146.16,148.36 1 0
eregen.dev/admin-api/internal/store/postgres_subscription.go:148.36,152.4 1 0
eregen.dev/admin-api/internal/store/postgres_subscription.go:154.3,154.54 1 0
eregen.dev/admin-api/internal/store/postgres_subscription.go:158.2,158.23 1 0
eregen.dev/admin-api/internal/store/postgres_subscription.go:158.23,162.3 1 0
eregen.dev/admin-api/internal/store/postgres_subscription.go:164.2,164.19 1 0
eregen.dev/admin-api/internal/store/postgres_subscription.go:172.100,184.2 2 0
eregen.dev/admin-api/internal/store/postgres_subscription.go:190.106,198.28 4 0
eregen.dev/admin-api/internal/store/postgres_subscription.go:198.28,206.3 3 0
eregen.dev/admin-api/internal/store/postgres_subscription.go:208.2,212.12 3 0
eregen.dev/admin-api/internal/store/postgres_subscription.go:220.97,224.2 1 0
eregen.dev/admin-api/internal/store/postgres_user.go:12.118,24.16 4 0
eregen.dev/admin-api/internal/store/postgres_user.go:24.16,32.3 3 0
eregen.dev/admin-api/internal/store/postgres_user.go:34.2,42.16 4 0
eregen.dev/admin-api/internal/store/postgres_user.go:42.16,46.3 1 0
eregen.dev/admin-api/internal/store/postgres_user.go:48.2,54.18 3 0
eregen.dev/admin-api/internal/store/postgres_user.go:54.18,58.86 2 0
eregen.dev/admin-api/internal/store/postgres_user.go:58.86,62.4 1 0
eregen.dev/admin-api/internal/store/postgres_user.go:64.3,64.27 1 0
eregen.dev/admin-api/internal/store/postgres_user.go:68.2,68.26 1 0
eregen.dev/admin-api/internal/store/postgres_user.go:76.85,82.2 2 0
eregen.dev/admin-api/internal/store/postgres_user.go:88.116,92.16 2 0
eregen.dev/admin-api/internal/store/postgres_user.go:92.16,96.3 1 0
eregen.dev/admin-api/internal/store/postgres_user.go:98.2,106.16 3 0
eregen.dev/admin-api/internal/store/postgres_user.go:114.100,124.2 2 0
eregen.dev/admin-api/internal/store/postgres_user.go:130.74,136.2 2 0
eregen.dev/admin-api/internal/store/postgres_user.go:142.127,148.16 3 0
eregen.dev/admin-api/internal/store/postgres_user.go:150.15,158.17 2 0
eregen.dev/admin-api/internal/store/postgres_user.go:158.17,162.4 1 0
eregen.dev/admin-api/internal/store/postgres_user.go:164.3,164.42 1 0
eregen.dev/admin-api/internal/store/postgres_user.go:164.42,168.4 1 0
eregen.dev/admin-api/internal/store/postgres_user.go:170.15,178.17 2 0
eregen.dev/admin-api/internal/store/postgres_user.go:178.17,182.4 1 0
eregen.dev/admin-api/internal/store/postgres_user.go:184.3,184.42 1 0
eregen.dev/admin-api/internal/store/postgres_user.go:184.42,188.4 1 0
eregen.dev/admin-api/internal/store/postgres_user.go:190.10,192.43 1 0
eregen.dev/admin-api/internal/store/postgres_user.go:196.2,196.16 1 0
eregen.dev/admin-api/internal/store/postgres_wristband.go:11.94,19.16 2 0
eregen.dev/admin-api/internal/store/postgres_wristband.go:19.16,23.3 1 0
eregen.dev/admin-api/internal/store/postgres_wristband.go:25.2,29.12 2 0
eregen.dev/admin-api/internal/store/postgres_wristband.go:35.86,41.16 2 0
eregen.dev/admin-api/internal/store/postgres_wristband.go:41.16,45.3 1 0
eregen.dev/admin-api/internal/store/postgres_wristband.go:47.2,51.12 2 0
eregen.dev/admin-api/internal/store/postgres_wristband.go:57.84,65.2 2 0
eregen.dev/admin-api/internal/store/postgres_wristband.go:69.136,79.18 4 0
eregen.dev/admin-api/internal/store/postgres_wristband.go:79.18,87.3 3 0
eregen.dev/admin-api/internal/store/postgres_wristband.go:89.2,97.16 4 0
eregen.dev/admin-api/internal/store/postgres_wristband.go:97.16,101.3 1 0
eregen.dev/admin-api/internal/store/postgres_wristband.go:103.2,109.18 3 0
eregen.dev/admin-api/internal/store/postgres_wristband.go:109.18,113.133 2 0
eregen.dev/admin-api/internal/store/postgres_wristband.go:113.133,117.4 1 0
eregen.dev/admin-api/internal/store/postgres_wristband.go:119.3,119.31 1 0
eregen.dev/admin-api/internal/store/postgres_wristband.go:123.2,123.28 1 0
eregen.dev/admin-api/internal/store/postgres_wristband.go:129.100,135.16 3 0
eregen.dev/admin-api/internal/store/postgres_wristband.go:135.16,137.27 1 0
eregen.dev/admin-api/internal/store/postgres_wristband.go:137.27,141.4 1 0
eregen.dev/admin-api/internal/store/postgres_wristband.go:143.3,143.17 1 0
eregen.dev/admin-api/internal/store/postgres_wristband.go:147.2,147.16 1 0
eregen.dev/admin-api/internal/store/postgres_wristband.go:153.92,163.2 2 0
eregen.dev/admin-api/internal/store/postgres_wristband.go:167.101,169.2 1 0
eregen.dev/admin-api/internal/store/regulatory_store.go:15.101,19.17 4 0
eregen.dev/admin-api/internal/store/regulatory_store.go:19.17,21.3 1 0
eregen.dev/admin-api/internal/store/regulatory_store.go:22.2,27.12 2 0
eregen.dev/admin-api/internal/store/regulatory_store.go:30.116,39.16 5 0
eregen.dev/admin-api/internal/store/regulatory_store.go:39.16,41.3 1 0
eregen.dev/admin-api/internal/store/regulatory_store.go:42.2,42.17 1 0
eregen.dev/admin-api/internal/store/regulatory_store.go:45.101,52.2 3 0
eregen.dev/admin-api/internal/store/regulatory_store.go:54.162,59.20 3 0
eregen.dev/admin-api/internal/store/regulatory_store.go:59.20,62.3 2 0
eregen.dev/admin-api/internal/store/regulatory_store.go:63.2,63.17 1 0
eregen.dev/admin-api/internal/store/regulatory_store.go:63.17,66.3 2 0
eregen.dev/admin-api/internal/store/regulatory_store.go:67.2,67.18 1 0
eregen.dev/admin-api/internal/store/regulatory_store.go:67.18,70.3 2 0
eregen.dev/admin-api/internal/store/regulatory_store.go:71.2,71.22 1 0
eregen.dev/admin-api/internal/store/regulatory_store.go:71.22,74.3 2 0
eregen.dev/admin-api/internal/store/regulatory_store.go:75.2,79.16 4 0
eregen.dev/admin-api/internal/store/regulatory_store.go:79.16,81.3 1 0
eregen.dev/admin-api/internal/store/regulatory_store.go:82.2,85.18 3 0
eregen.dev/admin-api/internal/store/regulatory_store.go:85.18,89.94 2 0
eregen.dev/admin-api/internal/store/regulatory_store.go:89.94,91.4 1 0
eregen.dev/admin-api/internal/store/regulatory_store.go:92.3,92.29 1 0
eregen.dev/admin-api/internal/store/regulatory_store.go:94.2,94.27 1 0
eregen.dev/admin-api/internal/store/regulatory_store.go:97.111,106.16 3 0
eregen.dev/admin-api/internal/store/regulatory_store.go:106.16,108.3 1 0
eregen.dev/admin-api/internal/store/regulatory_store.go:109.2,109.16 1 0
eregen.dev/admin-api/internal/store/regulatory_store.go:112.91,118.2 3 0
eregen.dev/admin-api/internal/store/regulatory_store.go:120.104,126.2 3 0
eregen.dev/admin-api/internal/store/regulatory_store.go:128.118,132.16 2 0
eregen.dev/admin-api/internal/store/regulatory_store.go:132.16,134.3 1 0
eregen.dev/admin-api/internal/store/regulatory_store.go:135.2,138.18 3 0
eregen.dev/admin-api/internal/store/regulatory_store.go:138.18,140.58 2 0
eregen.dev/admin-api/internal/store/regulatory_store.go:140.58,142.4 1 0
eregen.dev/admin-api/internal/store/regulatory_store.go:143.3,143.29 1 0
eregen.dev/admin-api/internal/store/regulatory_store.go:145.2,145.27 1 0
eregen.dev/admin-api/internal/store/regulatory_store.go:148.100,151.18 3 0
eregen.dev/admin-api/internal/store/regulatory_store.go:151.18,153.3 1 0
eregen.dev/admin-api/internal/store/regulatory_store.go:154.2,155.21 2 0
eregen.dev/admin-api/internal/store/regulatory_store.go:155.21,157.3 1 0
eregen.dev/admin-api/internal/store/regulatory_store.go:158.2,162.12 2 0
eregen.dev/admin-api/internal/store/regulatory_store.go:165.129,170.16 2 0
eregen.dev/admin-api/internal/store/regulatory_store.go:170.16,172.3 1 0
eregen.dev/admin-api/internal/store/regulatory_store.go:173.2,176.18 3 0
eregen.dev/admin-api/internal/store/regulatory_store.go:176.18,180.53 3 0
eregen.dev/admin-api/internal/store/regulatory_store.go:180.53,182.4 1 0
eregen.dev/admin-api/internal/store/regulatory_store.go:183.3,184.25 2 0
eregen.dev/admin-api/internal/store/regulatory_store.go:186.2,186.25 1 0
eregen.dev/admin-api/internal/store/regulatory_store.go:189.116,196.16 5 0
eregen.dev/admin-api/internal/store/regulatory_store.go:196.16,198.3 1 0
eregen.dev/admin-api/internal/store/regulatory_store.go:199.2,200.18 2 0
eregen.dev/admin-api/internal/store/regulatory_store.go:200.18,202.3 1 0
eregen.dev/admin-api/internal/store/regulatory_store.go:203.2,203.48 1 0
eregen.dev/admin-api/internal/store/regulatory_store.go:206.129,213.22 4 0
eregen.dev/admin-api/internal/store/regulatory_store.go:213.22,216.3 2 0
eregen.dev/admin-api/internal/store/regulatory_store.go:217.2,223.16 2 0
eregen.dev/admin-api/internal/store/regulatory_store.go:223.16,225.3 1 0
eregen.dev/admin-api/internal/store/regulatory_store.go:226.2,226.16 1 0
eregen.dev/admin-api/internal/store/regulatory_store.go:229.144,234.22 3 0
eregen.dev/admin-api/internal/store/regulatory_store.go:234.22,237.3 2 0
eregen.dev/admin-api/internal/store/regulatory_store.go:238.2,242.16 4 0
eregen.dev/admin-api/internal/store/regulatory_store.go:242.16,244.3 1 0
eregen.dev/admin-api/internal/store/regulatory_store.go:245.2,248.18 3 0
eregen.dev/admin-api/internal/store/regulatory_store.go:248.18,253.63 3 0
eregen.dev/admin-api/internal/store/regulatory_store.go:253.63,255.4 1 0
eregen.dev/admin-api/internal/store/regulatory_store.go:256.3,256.45 1 0
eregen.dev/admin-api/internal/store/regulatory_store.go:256.45,258.4 1 0
eregen.dev/admin-api/internal/store/regulatory_store.go:259.3,259.41 1 0
eregen.dev/admin-api/internal/store/regulatory_store.go:259.41,261.4 1 0
eregen.dev/admin-api/internal/store/regulatory_store.go:262.3,262.71 1 0
eregen.dev/admin-api/internal/store/regulatory_store.go:262.71,264.4 1 0
eregen.dev/admin-api/internal/store/regulatory_store.go:265.3,265.33 1 0
eregen.dev/admin-api/internal/store/regulatory_store.go:267.2,267.29 1 0
eregen.dev/admin-api/internal/store/regulatory_store.go:270.123,275.16 3 0
eregen.dev/admin-api/internal/store/regulatory_store.go:275.16,277.3 1 0
eregen.dev/admin-api/internal/store/regulatory_store.go:278.2,283.16 3 0
eregen.dev/admin-api/internal/store/regulatory_store.go:283.16,285.22 2 0
eregen.dev/admin-api/internal/store/regulatory_store.go:285.22,288.102 3 0
eregen.dev/admin-api/internal/store/regulatory_store.go:288.102,289.76 1 0
eregen.dev/admin-api/internal/store/regulatory_store.go:289.76,291.6 1 0
eregen.dev/admin-api/internal/store/regulatory_store.go:292.5,292.27 1 0
eregen.dev/admin-api/internal/store/regulatory_store.go:292.27,293.79 1 0
eregen.dev/admin-api/internal/store/regulatory_store.go:293.79,295.7 1 0
eregen.dev/admin-api/internal/store/regulatory_store.go:297.5,297.23 1 0
eregen.dev/admin-api/internal/store/regulatory_store.go:303.2,305.16 2 0
eregen.dev/admin-api/internal/store/regulatory_store.go:305.16,307.22 2 0
eregen.dev/admin-api/internal/store/regulatory_store.go:307.22,311.69 3 0
eregen.dev/admin-api/internal/store/regulatory_store.go:311.69,313.28 2 0
eregen.dev/admin-api/internal/store/regulatory_store.go:313.28,314.80 1 0
eregen.dev/admin-api/internal/store/regulatory_store.go:314.80,316.7 1 0
eregen.dev/admin-api/internal/store/regulatory_store.go:318.5,318.57 1 0
eregen.dev/admin-api/internal/store/regulatory_store.go:324.2,326.16 2 0
eregen.dev/admin-api/internal/store/regulatory_store.go:326.16,328.22 2 0
eregen.dev/admin-api/internal/store/regulatory_store.go:328.22,332.65 3 0
eregen.dev/admin-api/internal/store/regulatory_store.go:332.65,335.5 2 0
eregen.dev/admin-api/internal/store/regulatory_store.go:340.2,342.16 2 0
eregen.dev/admin-api/internal/store/regulatory_store.go:342.16,344.22 2 0
eregen.dev/admin-api/internal/store/regulatory_store.go:344.22,348.69 3 0
eregen.dev/admin-api/internal/store/regulatory_store.go:348.69,351.5 2 0
eregen.dev/admin-api/internal/store/regulatory_store.go:356.2,358.16 2 0
eregen.dev/admin-api/internal/store/regulatory_store.go:358.16,360.24 2 0
eregen.dev/admin-api/internal/store/regulatory_store.go:360.24,363.115 3 0
eregen.dev/admin-api/internal/store/regulatory_store.go:363.115,366.5 2 0
eregen.dev/admin-api/internal/store/regulatory_store.go:371.2,374.16 2 0
eregen.dev/admin-api/internal/store/regulatory_store.go:374.16,376.24 2 0
eregen.dev/admin-api/internal/store/regulatory_store.go:376.24,380.54 3 0
eregen.dev/admin-api/internal/store/regulatory_store.go:380.54,383.5 2 0
eregen.dev/admin-api/internal/store/regulatory_store.go:388.2,392.16 2 0
eregen.dev/admin-api/internal/store/regulatory_store.go:392.16,394.24 2 0
eregen.dev/admin-api/internal/store/regulatory_store.go:394.24,398.95 2 0
eregen.dev/admin-api/internal/store/regulatory_store.go:398.95,400.5 1 0
eregen.dev/admin-api/internal/store/regulatory_store.go:404.2,404.19 1 0
eregen.dev/admin-api/internal/store/regulatory_store.go:407.98,410.16 2 0
eregen.dev/admin-api/internal/store/regulatory_store.go:410.16,412.3 1 0
eregen.dev/admin-api/internal/store/regulatory_store.go:413.2,416.18 3 0
eregen.dev/admin-api/internal/store/regulatory_store.go:416.18,418.102 2 0
eregen.dev/admin-api/internal/store/regulatory_store.go:418.102,420.4 1 0
eregen.dev/admin-api/internal/store/regulatory_store.go:421.3,426.72 2 0
eregen.dev/admin-api/internal/store/regulatory_store.go:428.2,428.28 1 0
eregen.dev/admin-api/internal/store/regulatory_store.go:431.103,436.2 2 0
eregen.dev/admin-api/internal/store/regulatory_store.go:438.136,445.22 5 0
eregen.dev/admin-api/internal/store/regulatory_store.go:445.22,448.3 2 0
eregen.dev/admin-api/internal/store/regulatory_store.go:449.2,454.32 4 0
eregen.dev/admin-api/internal/store/regulatory_store.go:454.32,458.13 3 0
eregen.dev/admin-api/internal/store/regulatory_store.go:459.20,460.39 1 0
eregen.dev/admin-api/internal/store/regulatory_store.go:461.26,462.40 1 0
eregen.dev/admin-api/internal/store/regulatory_store.go:463.24,464.41 1 0
eregen.dev/admin-api/internal/store/regulatory_store.go:465.30,466.42 1 0
eregen.dev/admin-api/internal/store/regulatory_store.go:471.2,472.23 2 0
eregen.dev/admin-api/internal/store/regulatory_store.go:472.23,474.3 1 0
eregen.dev/admin-api/internal/store/regulatory_store.go:475.2,475.20 1 0
eregen.dev/admin-api/internal/store/regulatory_store.go:478.108,479.22 1 0
eregen.dev/admin-api/internal/store/regulatory_store.go:479.22,481.3 1 0
eregen.dev/admin-api/internal/store/regulatory_store.go:482.2,485.12 2 0
eregen.dev/admin-api/internal/store/regulatory_store.go:488.117,491.16 2 0
eregen.dev/admin-api/internal/store/regulatory_store.go:491.16,493.3 1 0
eregen.dev/admin-api/internal/store/regulatory_store.go:494.2,497.18 3 0
eregen.dev/admin-api/internal/store/regulatory_store.go:497.18,499.80 2 0
eregen.dev/admin-api/internal/store/regulatory_store.go:499.80,501.4 1 0
eregen.dev/admin-api/internal/store/regulatory_store.go:502.3,502.33 1 0
eregen.dev/admin-api/internal/store/regulatory_store.go:504.2,504.29 1 0
eregen.dev/admin-api/internal/store/regulatory_store.go:507.98,510.16 3 0
eregen.dev/admin-api/internal/store/regulatory_store.go:510.16,512.3 1 0
eregen.dev/admin-api/internal/store/regulatory_store.go:513.2,517.12 2 0
eregen.dev/admin-api/internal/store/regulatory_store.go:520.101,523.16 2 0
eregen.dev/admin-api/internal/store/regulatory_store.go:523.16,525.3 1 0
eregen.dev/admin-api/internal/store/regulatory_store.go:526.2,529.18 3 0
eregen.dev/admin-api/internal/store/regulatory_store.go:529.18,531.58 2 0
eregen.dev/admin-api/internal/store/regulatory_store.go:531.58,533.4 1 0
eregen.dev/admin-api/internal/store/regulatory_store.go:534.3,534.29 1 0
eregen.dev/admin-api/internal/store/regulatory_store.go:536.2,536.27 1 0
eregen.dev/admin-api/internal/store/regulatory_store.go:539.121,543.16 2 0
eregen.dev/admin-api/internal/store/regulatory_store.go:543.16,545.3 1 0
eregen.dev/admin-api/internal/store/regulatory_store.go:546.2,549.18 3 0
eregen.dev/admin-api/internal/store/regulatory_store.go:549.18,551.60 2 0
eregen.dev/admin-api/internal/store/regulatory_store.go:551.60,553.4 1 0
eregen.dev/admin-api/internal/store/regulatory_store.go:554.3,554.29 1 0
eregen.dev/admin-api/internal/store/regulatory_store.go:556.2,556.27 1 0
eregen.dev/admin-api/internal/store/sqlite.go:16.67,17.13 1 1
eregen.dev/admin-api/internal/store/sqlite.go:17.13,19.3 1 0
eregen.dev/admin-api/internal/store/sqlite.go:20.2,20.27 1 1
eregen.dev/admin-api/internal/store/sqlite.go:24.42,25.13 1 1
eregen.dev/admin-api/internal/store/sqlite.go:25.13,27.3 1 0
eregen.dev/admin-api/internal/store/sqlite.go:28.2,28.55 1 1
eregen.dev/admin-api/internal/store/sqlite.go:28.55,30.3 1 0
eregen.dev/admin-api/internal/store/sqlite.go:31.2,36.4 1 1
eregen.dev/admin-api/internal/store/sqlite.go:36.4,37.50 1 1
eregen.dev/admin-api/internal/store/sqlite.go:37.50,39.4 1 1
eregen.dev/admin-api/internal/store/sqlite.go:41.2,41.20 1 1
eregen.dev/admin-api/internal/store/sqlite.go:45.39,46.13 1 0
eregen.dev/admin-api/internal/store/sqlite.go:46.13,48.3 1 0
eregen.dev/admin-api/internal/store/sqlite.go:49.2,50.11 2 0
eregen.dev/admin-api/internal/store/sqlite.go:59.46,61.16 2 1
eregen.dev/admin-api/internal/store/sqlite.go:61.16,63.3 1 0
eregen.dev/admin-api/internal/store/sqlite.go:64.2,65.34 2 1
eregen.dev/admin-api/internal/store/sqlite.go:65.34,67.3 1 0
eregen.dev/admin-api/internal/store/sqlite.go:68.2,68.36 1 1
eregen.dev/admin-api/internal/store/sqlite.go:68.36,70.3 1 0
eregen.dev/admin-api/internal/store/sqlite.go:71.2,71.16 1 1
eregen.dev/admin-api/internal/store/sqlite.go:75.46,77.2 1 1
eregen.dev/admin-api/internal/store/sqlite.go:82.32,84.29 2 1
eregen.dev/admin-api/internal/store/sqlite.go:84.29,86.50 2 1
eregen.dev/admin-api/internal/store/sqlite.go:86.50,87.12 1 0
eregen.dev/admin-api/internal/store/sqlite.go:89.3,89.42 1 1
eregen.dev/admin-api/internal/store/sqlite.go:89.42,93.47 2 0
eregen.dev/admin-api/internal/store/sqlite.go:93.47,94.13 1 0
eregen.dev/admin-api/internal/store/sqlite.go:96.4,96.83 1 0
eregen.dev/admin-api/internal/store/sqlite.go:98.3,98.12 1 1
eregen.dev/admin-api/internal/store/sqlite.go:98.12,100.4 1 1
eregen.dev/admin-api/internal/store/sqlite.go:102.2,102.12 1 1
eregen.dev/admin-api/internal/store/sqlite.go:105.24,105.35 1 1
eregen.dev/admin-api/internal/store/sqlite.go:105.35,105.47 1 0
eregen.dev/admin-api/internal/store/sqlite.go:105.49,105.57 1 1
eregen.dev/admin-api/internal/store/sqlite.go:108.20,111.2 2 0
eregen.dev/admin-api/internal/store/sqlite.go:113.43,120.17 7 1
eregen.dev/admin-api/internal/store/sqlite.go:120.17,122.39 2 1
eregen.dev/admin-api/internal/store/sqlite.go:122.39,125.12 3 0
eregen.dev/admin-api/internal/store/sqlite.go:129.3,129.48 1 1
eregen.dev/admin-api/internal/store/sqlite.go:129.48,130.32 1 1
eregen.dev/admin-api/internal/store/sqlite.go:130.32,132.54 1 1
eregen.dev/admin-api/internal/store/sqlite.go:132.54,134.6 1 0
eregen.dev/admin-api/internal/store/sqlite.go:135.5,137.36 2 1
eregen.dev/admin-api/internal/store/sqlite.go:137.36,139.6 1 1
eregen.dev/admin-api/internal/store/sqlite.go:140.5,140.19 1 1
eregen.dev/admin-api/internal/store/sqlite.go:140.19,142.6 1 1
eregen.dev/admin-api/internal/store/sqlite.go:143.5,143.13 1 1
eregen.dev/admin-api/internal/store/sqlite.go:147.3,147.12 1 1
eregen.dev/admin-api/internal/store/sqlite.go:148.13,150.20 2 1
eregen.dev/admin-api/internal/store/sqlite.go:151.12,152.16 1 1
eregen.dev/admin-api/internal/store/sqlite.go:152.16,154.5 1 1
eregen.dev/admin-api/internal/store/sqlite.go:155.4,155.20 1 1
eregen.dev/admin-api/internal/store/sqlite.go:156.12,157.29 1 1
eregen.dev/admin-api/internal/store/sqlite.go:157.29,159.5 1 1
eregen.dev/admin-api/internal/store/sqlite.go:160.4,160.20 1 1
eregen.dev/admin-api/internal/store/sqlite.go:161.12,162.30 1 1
eregen.dev/admin-api/internal/store/sqlite.go:162.30,165.5 2 1
eregen.dev/admin-api/internal/store/sqlite.go:165.10,167.5 1 0
eregen.dev/admin-api/internal/store/sqlite.go:168.11,169.20 1 1
eregen.dev/admin-api/internal/store/sqlite.go:171.3,171.12 1 1
eregen.dev/admin-api/internal/store/sqlite.go:173.2,173.51 1 1
eregen.dev/admin-api/internal/store/sqlite.go:173.51,175.3 1 0
eregen.dev/admin-api/internal/store/sqlite.go:176.2,176.14 1 1
eregen.dev/admin-api/internal/store/sqlite.go:179.42,180.17 1 0
eregen.dev/admin-api/internal/store/sqlite.go:180.17,182.3 1 0
eregen.dev/admin-api/internal/store/sqlite.go:183.2,183.33 1 0
eregen.dev/admin-api/internal/store/sqlite_additions.go:19.141,27.18 4 0
eregen.dev/admin-api/internal/store/sqlite_additions.go:27.18,30.3 2 0
eregen.dev/admin-api/internal/store/sqlite_additions.go:31.2,31.20 1 0
eregen.dev/admin-api/internal/store/sqlite_additions.go:31.20,34.3 2 0
eregen.dev/admin-api/internal/store/sqlite_additions.go:36.2,36.25 1 0
eregen.dev/admin-api/internal/store/sqlite_additions.go:36.25,38.3 1 0
eregen.dev/admin-api/internal/store/sqlite_additions.go:39.2,41.30 2 0
eregen.dev/admin-api/internal/store/sqlite_additions.go:41.30,45.3 3 0
eregen.dev/admin-api/internal/store/sqlite_additions.go:47.2,48.16 2 0
eregen.dev/admin-api/internal/store/sqlite_additions.go:48.16,50.3 1 0
eregen.dev/admin-api/internal/store/sqlite_additions.go:51.2,54.18 3 0
eregen.dev/admin-api/internal/store/sqlite_additions.go:54.18,63.17 6 0
eregen.dev/admin-api/internal/store/sqlite_additions.go:63.17,65.4 1 0
eregen.dev/admin-api/internal/store/sqlite_additions.go:66.3,66.20 1 0
eregen.dev/admin-api/internal/store/sqlite_additions.go:66.20,68.4 1 0
eregen.dev/admin-api/internal/store/sqlite_additions.go:69.3,69.28 1 0
eregen.dev/admin-api/internal/store/sqlite_additions.go:69.28,71.4 1 0
eregen.dev/admin-api/internal/store/sqlite_additions.go:72.3,72.25 1 0
eregen.dev/admin-api/internal/store/sqlite_additions.go:72.25,74.4 1 0
eregen.dev/admin-api/internal/store/sqlite_additions.go:75.3,75.23 1 0
eregen.dev/admin-api/internal/store/sqlite_additions.go:75.23,77.4 1 0
eregen.dev/admin-api/internal/store/sqlite_additions.go:78.3,78.24 1 0
eregen.dev/admin-api/internal/store/sqlite_additions.go:78.24,80.4 1 0
eregen.dev/admin-api/internal/store/sqlite_additions.go:81.3,82.30 2 0
eregen.dev/admin-api/internal/store/sqlite_additions.go:84.2,84.26 1 0
eregen.dev/admin-api/internal/store/sqlite_additions.go:87.104,102.16 6 0
eregen.dev/admin-api/internal/store/sqlite_additions.go:102.16,103.36 1 0
eregen.dev/admin-api/internal/store/sqlite_additions.go:103.36,105.4 1 0
eregen.dev/admin-api/internal/store/sqlite_additions.go:106.3,106.54 1 0
eregen.dev/admin-api/internal/store/sqlite_additions.go:108.2,108.19 1 0
eregen.dev/admin-api/internal/store/sqlite_additions.go:108.19,110.3 1 0
eregen.dev/admin-api/internal/store/sqlite_additions.go:111.2,111.27 1 0
eregen.dev/admin-api/internal/store/sqlite_additions.go:111.27,113.3 1 0
eregen.dev/admin-api/internal/store/sqlite_additions.go:114.2,114.24 1 0
eregen.dev/admin-api/internal/store/sqlite_additions.go:114.24,116.3 1 0
eregen.dev/admin-api/internal/store/sqlite_additions.go:117.2,117.22 1 0
eregen.dev/admin-api/internal/store/sqlite_additions.go:117.22,119.3 1 0
eregen.dev/admin-api/internal/store/sqlite_additions.go:120.2,120.23 1 0
eregen.dev/admin-api/internal/store/sqlite_additions.go:120.23,122.3 1 0
eregen.dev/admin-api/internal/store/sqlite_additions.go:123.2,124.19 2 0
eregen.dev/admin-api/internal/store/sqlite_additions.go:127.98,133.2 2 0
eregen.dev/admin-api/internal/store/sqlite_additions.go:135.104,138.28 3 0
eregen.dev/admin-api/internal/store/sqlite_additions.go:138.28,141.3 2 0
eregen.dev/admin-api/internal/store/sqlite_additions.go:142.2,144.12 3 0
eregen.dev/admin-api/internal/store/sqlite_additions.go:147.95,149.2 1 0
eregen.dev/admin-api/internal/store/sqlite_additions.go:153.143,161.16 4 0
eregen.dev/admin-api/internal/store/sqlite_additions.go:161.16,164.3 2 0
eregen.dev/admin-api/internal/store/sqlite_additions.go:165.2,165.15 1 0
eregen.dev/admin-api/internal/store/sqlite_additions.go:165.15,168.3 2 0
eregen.dev/admin-api/internal/store/sqlite_additions.go:169.2,169.18 1 0
eregen.dev/admin-api/internal/store/sqlite_additions.go:169.18,172.3 2 0
eregen.dev/admin-api/internal/store/sqlite_additions.go:174.2,174.25 1 0
eregen.dev/admin-api/internal/store/sqlite_additions.go:174.25,176.3 1 0
eregen.dev/admin-api/internal/store/sqlite_additions.go:177.2,179.30 2 0
eregen.dev/admin-api/internal/store/sqlite_additions.go:179.30,183.3 3 0
eregen.dev/admin-api/internal/store/sqlite_additions.go:185.2,186.16 2 0
eregen.dev/admin-api/internal/store/sqlite_additions.go:186.16,188.3 1 0
eregen.dev/admin-api/internal/store/sqlite_additions.go:189.2,192.18 3 0
eregen.dev/admin-api/internal/store/sqlite_additions.go:192.18,198.17 5 0
eregen.dev/admin-api/internal/store/sqlite_additions.go:198.17,200.4 1 0
eregen.dev/admin-api/internal/store/sqlite_additions.go:201.3,201.20 1 0
eregen.dev/admin-api/internal/store/sqlite_additions.go:201.20,203.4 1 0
eregen.dev/admin-api/internal/store/sqlite_additions.go:204.3,204.27 1 0
eregen.dev/admin-api/internal/store/sqlite_additions.go:204.27,206.4 1 0
eregen.dev/admin-api/internal/store/sqlite_additions.go:207.3,207.28 1 0
eregen.dev/admin-api/internal/store/sqlite_additions.go:207.28,209.4 1 0
eregen.dev/admin-api/internal/store/sqlite_additions.go:210.3,212.30 3 0
eregen.dev/admin-api/internal/store/sqlite_additions.go:214.2,214.26 1 0
eregen.dev/admin-api/internal/store/sqlite_additions.go:217.105,228.16 5 0
eregen.dev/admin-api/internal/store/sqlite_additions.go:228.16,229.36 1 0
eregen.dev/admin-api/internal/store/sqlite_additions.go:229.36,231.4 1 0
eregen.dev/admin-api/internal/store/sqlite_additions.go:232.3,232.53 1 0
eregen.dev/admin-api/internal/store/sqlite_additions.go:234.2,234.19 1 0
eregen.dev/admin-api/internal/store/sqlite_additions.go:234.19,236.3 1 0
eregen.dev/admin-api/internal/store/sqlite_additions.go:237.2,237.26 1 0
eregen.dev/admin-api/internal/store/sqlite_additions.go:237.26,239.3 1 0
eregen.dev/admin-api/internal/store/sqlite_additions.go:240.2,240.27 1 0
eregen.dev/admin-api/internal/store/sqlite_additions.go:240.27,242.3 1 0
eregen.dev/admin-api/internal/store/sqlite_additions.go:243.2,245.19 3 0
eregen.dev/admin-api/internal/store/sqlite_additions.go:248.97,254.2 2 0
eregen.dev/admin-api/internal/store/sqlite_additions.go:256.103,259.28 3 0
eregen.dev/admin-api/internal/store/sqlite_additions.go:259.28,262.3 2 0
eregen.dev/admin-api/internal/store/sqlite_additions.go:263.2,265.12 3 0
eregen.dev/admin-api/internal/store/sqlite_additions.go:268.79,271.2 2 0
eregen.dev/admin-api/internal/store/sqlite_additions.go:273.112,280.16 5 0
eregen.dev/admin-api/internal/store/sqlite_additions.go:280.16,282.3 1 0
eregen.dev/admin-api/internal/store/sqlite_additions.go:283.2,283.22 1 0
eregen.dev/admin-api/internal/store/sqlite_additions.go:286.103,289.2 2 0
eregen.dev/admin-api/internal/store/sqlite_admission.go:14.94,22.2 2 0
eregen.dev/admin-api/internal/store/sqlite_admission.go:24.102,34.16 4 0
eregen.dev/admin-api/internal/store/sqlite_admission.go:34.16,35.27 1 0
eregen.dev/admin-api/internal/store/sqlite_admission.go:35.27,37.4 1 0
eregen.dev/admin-api/internal/store/sqlite_admission.go:38.3,38.51 1 0
eregen.dev/admin-api/internal/store/sqlite_admission.go:40.2,40.76 1 0
eregen.dev/admin-api/internal/store/sqlite_admission.go:40.76,42.3 1 0
eregen.dev/admin-api/internal/store/sqlite_admission.go:43.2,43.29 1 0
eregen.dev/admin-api/internal/store/sqlite_admission.go:43.29,44.81 1 0
eregen.dev/admin-api/internal/store/sqlite_admission.go:44.81,46.4 1 0
eregen.dev/admin-api/internal/store/sqlite_admission.go:48.2,48.24 1 0
eregen.dev/admin-api/internal/store/sqlite_admission.go:48.24,49.76 1 0
eregen.dev/admin-api/internal/store/sqlite_admission.go:49.76,51.4 1 0
eregen.dev/admin-api/internal/store/sqlite_admission.go:53.2,54.16 2 0
eregen.dev/admin-api/internal/store/sqlite_admission.go:57.141,62.22 3 0
eregen.dev/admin-api/internal/store/sqlite_admission.go:62.22,65.3 2 0
eregen.dev/admin-api/internal/store/sqlite_admission.go:66.2,66.18 1 0
eregen.dev/admin-api/internal/store/sqlite_admission.go:66.18,69.3 2 0
eregen.dev/admin-api/internal/store/sqlite_admission.go:70.2,74.16 4 0
eregen.dev/admin-api/internal/store/sqlite_admission.go:74.16,76.3 1 0
eregen.dev/admin-api/internal/store/sqlite_admission.go:77.2,80.18 3 0
eregen.dev/admin-api/internal/store/sqlite_admission.go:80.18,85.98 3 0
eregen.dev/admin-api/internal/store/sqlite_admission.go:85.98,87.4 1 0
eregen.dev/admin-api/internal/store/sqlite_admission.go:88.3,88.77 1 0
eregen.dev/admin-api/internal/store/sqlite_admission.go:88.77,90.4 1 0
eregen.dev/admin-api/internal/store/sqlite_admission.go:91.3,91.33 1 0
eregen.dev/admin-api/internal/store/sqlite_admission.go:91.33,92.85 1 0
eregen.dev/admin-api/internal/store/sqlite_admission.go:92.85,94.5 1 0
eregen.dev/admin-api/internal/store/sqlite_admission.go:96.3,96.28 1 0
eregen.dev/admin-api/internal/store/sqlite_admission.go:96.28,97.80 1 0
eregen.dev/admin-api/internal/store/sqlite_admission.go:97.80,99.5 1 0
eregen.dev/admin-api/internal/store/sqlite_admission.go:101.3,102.27 2 0
eregen.dev/admin-api/internal/store/sqlite_admission.go:104.2,104.26 1 0
eregen.dev/admin-api/internal/store/sqlite_admission.go:107.116,111.16 2 0
eregen.dev/admin-api/internal/store/sqlite_admission.go:111.16,113.3 1 0
eregen.dev/admin-api/internal/store/sqlite_admission.go:115.2,117.16 3 0
eregen.dev/admin-api/internal/store/sqlite_admission.go:117.16,122.3 3 0
eregen.dev/admin-api/internal/store/sqlite_admission.go:123.2,123.12 1 0
eregen.dev/admin-api/internal/store/sqlite_admission.go:126.91,134.2 2 0
eregen.dev/admin-api/internal/store/sqlite_admission.go:136.109,140.16 2 0
eregen.dev/admin-api/internal/store/sqlite_admission.go:140.16,142.3 1 0
eregen.dev/admin-api/internal/store/sqlite_admission.go:143.2,146.18 3 0
eregen.dev/admin-api/internal/store/sqlite_admission.go:146.18,149.95 2 0
eregen.dev/admin-api/internal/store/sqlite_admission.go:149.95,151.4 1 0
eregen.dev/admin-api/internal/store/sqlite_admission.go:152.3,152.27 1 0
eregen.dev/admin-api/internal/store/sqlite_admission.go:154.2,154.26 1 0
eregen.dev/admin-api/internal/store/sqlite_admission.go:157.145,161.15 3 0
eregen.dev/admin-api/internal/store/sqlite_admission.go:162.26,168.24 4 0
eregen.dev/admin-api/internal/store/sqlite_admission.go:168.24,173.4 1 0
eregen.dev/admin-api/internal/store/sqlite_admission.go:174.28,174.28 0 0
eregen.dev/admin-api/internal/store/sqlite_admission.go:176.30,176.30 0 0
eregen.dev/admin-api/internal/store/sqlite_admission.go:178.27,181.31 2 0
eregen.dev/admin-api/internal/store/sqlite_admission.go:181.31,187.25 4 0
eregen.dev/admin-api/internal/store/sqlite_admission.go:187.25,192.5 1 0
eregen.dev/admin-api/internal/store/sqlite_admission.go:195.2,195.21 1 0
eregen.dev/admin-api/internal/store/sqlite_alert.go:12.121,18.20 4 1
eregen.dev/admin-api/internal/store/sqlite_alert.go:18.20,22.3 3 1
eregen.dev/admin-api/internal/store/sqlite_alert.go:23.2,23.18 1 1
eregen.dev/admin-api/internal/store/sqlite_alert.go:23.18,27.3 3 1
eregen.dev/admin-api/internal/store/sqlite_alert.go:28.2,32.16 4 1
eregen.dev/admin-api/internal/store/sqlite_alert.go:32.16,34.3 1 0
eregen.dev/admin-api/internal/store/sqlite_alert.go:35.2,38.18 3 1
eregen.dev/admin-api/internal/store/sqlite_alert.go:38.18,42.149 4 1
eregen.dev/admin-api/internal/store/sqlite_alert.go:42.149,44.4 1 0
eregen.dev/admin-api/internal/store/sqlite_alert.go:45.3,45.19 1 1
eregen.dev/admin-api/internal/store/sqlite_alert.go:45.19,47.4 1 1
eregen.dev/admin-api/internal/store/sqlite_alert.go:48.3,49.29 2 1
eregen.dev/admin-api/internal/store/sqlite_alert.go:51.2,51.27 1 1
eregen.dev/admin-api/internal/store/sqlite_alert.go:54.79,58.2 2 1
eregen.dev/admin-api/internal/store/sqlite_alert.go:60.92,61.26 1 1
eregen.dev/admin-api/internal/store/sqlite_alert.go:61.26,65.3 2 0
eregen.dev/admin-api/internal/store/sqlite_alert.go:66.2,68.12 2 1
eregen.dev/admin-api/internal/store/sqlite_alert.go:71.85,73.26 2 1
eregen.dev/admin-api/internal/store/sqlite_alert.go:73.26,75.3 1 1
eregen.dev/admin-api/internal/store/sqlite_alert.go:76.2,76.27 1 1
eregen.dev/admin-api/internal/store/sqlite_alert.go:76.27,78.3 1 1
eregen.dev/admin-api/internal/store/sqlite_alert.go:79.2,83.12 2 1
eregen.dev/admin-api/internal/store/sqlite_audit.go:14.86,15.18 1 0
eregen.dev/admin-api/internal/store/sqlite_audit.go:15.18,17.3 1 0
eregen.dev/admin-api/internal/store/sqlite_audit.go:18.2,18.28 1 0
eregen.dev/admin-api/internal/store/sqlite_audit.go:18.28,20.3 1 0
eregen.dev/admin-api/internal/store/sqlite_audit.go:21.2,27.12 3 0
eregen.dev/admin-api/internal/store/sqlite_audit.go:30.95,31.31 1 0
eregen.dev/admin-api/internal/store/sqlite_audit.go:31.31,33.3 1 0
eregen.dev/admin-api/internal/store/sqlite_audit.go:34.2,37.16 2 0
eregen.dev/admin-api/internal/store/sqlite_audit.go:37.16,39.3 1 0
eregen.dev/admin-api/internal/store/sqlite_audit.go:40.2,42.18 3 0
eregen.dev/admin-api/internal/store/sqlite_audit.go:42.18,46.128 4 0
eregen.dev/admin-api/internal/store/sqlite_audit.go:46.128,48.4 1 0
eregen.dev/admin-api/internal/store/sqlite_audit.go:49.3,51.25 3 0
eregen.dev/admin-api/internal/store/sqlite_audit.go:53.2,53.25 1 0
eregen.dev/admin-api/internal/store/sqlite_audit.go:56.116,57.31 1 0
eregen.dev/admin-api/internal/store/sqlite_audit.go:57.31,59.3 1 0
eregen.dev/admin-api/internal/store/sqlite_audit.go:60.2,63.16 2 0
eregen.dev/admin-api/internal/store/sqlite_audit.go:63.16,65.3 1 0
eregen.dev/admin-api/internal/store/sqlite_audit.go:66.2,68.18 3 0
eregen.dev/admin-api/internal/store/sqlite_audit.go:68.18,72.128 4 0
eregen.dev/admin-api/internal/store/sqlite_audit.go:72.128,74.4 1 0
eregen.dev/admin-api/internal/store/sqlite_audit.go:75.3,77.25 3 0
eregen.dev/admin-api/internal/store/sqlite_audit.go:79.2,79.25 1 0
eregen.dev/admin-api/internal/store/sqlite_audit.go:82.118,83.31 1 0
eregen.dev/admin-api/internal/store/sqlite_audit.go:83.31,85.3 1 0
eregen.dev/admin-api/internal/store/sqlite_audit.go:86.2,89.16 2 0
eregen.dev/admin-api/internal/store/sqlite_audit.go:89.16,91.3 1 0
eregen.dev/admin-api/internal/store/sqlite_audit.go:92.2,94.18 3 0
eregen.dev/admin-api/internal/store/sqlite_audit.go:94.18,98.128 4 0
eregen.dev/admin-api/internal/store/sqlite_audit.go:98.128,100.4 1 0
eregen.dev/admin-api/internal/store/sqlite_audit.go:101.3,103.25 3 0
eregen.dev/admin-api/internal/store/sqlite_audit.go:105.2,105.25 1 0
eregen.dev/admin-api/internal/store/sqlite_clinical.go:13.89,19.2 2 0
eregen.dev/admin-api/internal/store/sqlite_clinical.go:22.127,27.16 2 0
eregen.dev/admin-api/internal/store/sqlite_clinical.go:27.16,29.3 1 0
eregen.dev/admin-api/internal/store/sqlite_clinical.go:30.2,33.18 3 0
eregen.dev/admin-api/internal/store/sqlite_clinical.go:33.18,36.160 3 0
eregen.dev/admin-api/internal/store/sqlite_clinical.go:36.160,38.4 1 0
eregen.dev/admin-api/internal/store/sqlite_clinical.go:39.3,41.27 3 0
eregen.dev/admin-api/internal/store/sqlite_clinical.go:43.2,43.26 1 0
eregen.dev/admin-api/internal/store/sqlite_clinical.go:47.95,53.2 2 0
eregen.dev/admin-api/internal/store/sqlite_clinical.go:56.113,60.16 2 0
eregen.dev/admin-api/internal/store/sqlite_clinical.go:60.16,62.3 1 0
eregen.dev/admin-api/internal/store/sqlite_clinical.go:63.2,66.18 3 0
eregen.dev/admin-api/internal/store/sqlite_clinical.go:66.18,69.153 3 0
eregen.dev/admin-api/internal/store/sqlite_clinical.go:69.153,71.4 1 0
eregen.dev/admin-api/internal/store/sqlite_clinical.go:72.3,74.27 3 0
eregen.dev/admin-api/internal/store/sqlite_clinical.go:76.2,76.26 1 0
eregen.dev/admin-api/internal/store/sqlite_clinical.go:80.95,83.26 3 0
eregen.dev/admin-api/internal/store/sqlite_clinical.go:83.26,85.3 1 0
eregen.dev/admin-api/internal/store/sqlite_clinical.go:86.2,86.25 1 0
eregen.dev/admin-api/internal/store/sqlite_clinical.go:86.25,88.3 1 0
eregen.dev/admin-api/internal/store/sqlite_clinical.go:89.2,93.12 2 0
eregen.dev/admin-api/internal/store/sqlite_clinical.go:97.113,101.16 2 0
eregen.dev/admin-api/internal/store/sqlite_clinical.go:101.16,103.3 1 0
eregen.dev/admin-api/internal/store/sqlite_clinical.go:104.2,107.18 3 0
eregen.dev/admin-api/internal/store/sqlite_clinical.go:107.18,110.175 3 0
eregen.dev/admin-api/internal/store/sqlite_clinical.go:110.175,112.4 1 0
eregen.dev/admin-api/internal/store/sqlite_clinical.go:113.3,115.24 3 0
eregen.dev/admin-api/internal/store/sqlite_clinical.go:115.24,116.68 1 0
eregen.dev/admin-api/internal/store/sqlite_clinical.go:116.68,118.5 1 0
eregen.dev/admin-api/internal/store/sqlite_clinical.go:120.3,120.23 1 0
eregen.dev/admin-api/internal/store/sqlite_clinical.go:120.23,121.67 1 0
eregen.dev/admin-api/internal/store/sqlite_clinical.go:121.67,123.5 1 0
eregen.dev/admin-api/internal/store/sqlite_clinical.go:125.3,125.27 1 0
eregen.dev/admin-api/internal/store/sqlite_clinical.go:127.2,127.26 1 0
eregen.dev/admin-api/internal/store/sqlite_clinical.go:131.95,137.2 2 0
eregen.dev/admin-api/internal/store/sqlite_clinical.go:140.127,145.16 4 0
eregen.dev/admin-api/internal/store/sqlite_clinical.go:145.16,147.3 1 0
eregen.dev/admin-api/internal/store/sqlite_clinical.go:147.8,149.3 1 0
eregen.dev/admin-api/internal/store/sqlite_clinical.go:150.2,150.16 1 0
eregen.dev/admin-api/internal/store/sqlite_clinical.go:150.16,152.3 1 0
eregen.dev/admin-api/internal/store/sqlite_clinical.go:153.2,156.18 3 0
eregen.dev/admin-api/internal/store/sqlite_clinical.go:156.18,159.138 3 0
eregen.dev/admin-api/internal/store/sqlite_clinical.go:159.138,161.4 1 0
eregen.dev/admin-api/internal/store/sqlite_clinical.go:162.3,164.27 3 0
eregen.dev/admin-api/internal/store/sqlite_clinical.go:166.2,166.26 1 0
eregen.dev/admin-api/internal/store/sqlite_clinical.go:170.99,172.15 2 0
eregen.dev/admin-api/internal/store/sqlite_clinical.go:172.15,174.3 1 0
eregen.dev/admin-api/internal/store/sqlite_clinical.go:175.2,176.25 2 0
eregen.dev/admin-api/internal/store/sqlite_clinical.go:176.25,178.3 1 0
eregen.dev/admin-api/internal/store/sqlite_clinical.go:179.2,180.24 2 0
eregen.dev/admin-api/internal/store/sqlite_clinical.go:180.24,182.3 1 0
eregen.dev/admin-api/internal/store/sqlite_clinical.go:183.2,187.12 2 0
eregen.dev/admin-api/internal/store/sqlite_clinical.go:191.119,196.16 2 0
eregen.dev/admin-api/internal/store/sqlite_clinical.go:196.16,198.3 1 0
eregen.dev/admin-api/internal/store/sqlite_clinical.go:199.2,202.18 3 0
eregen.dev/admin-api/internal/store/sqlite_clinical.go:202.18,207.168 5 0
eregen.dev/admin-api/internal/store/sqlite_clinical.go:207.168,209.4 1 0
eregen.dev/admin-api/internal/store/sqlite_clinical.go:210.3,211.22 2 0
eregen.dev/admin-api/internal/store/sqlite_clinical.go:211.22,213.4 1 0
eregen.dev/admin-api/internal/store/sqlite_clinical.go:214.3,216.27 3 0
eregen.dev/admin-api/internal/store/sqlite_clinical.go:218.2,218.26 1 0
eregen.dev/admin-api/internal/store/sqlite_clinical.go:222.94,225.2 2 0
eregen.dev/admin-api/internal/store/sqlite_clinical.go:228.111,234.16 3 0
eregen.dev/admin-api/internal/store/sqlite_clinical.go:234.16,236.3 1 0
eregen.dev/admin-api/internal/store/sqlite_clinical.go:237.2,237.20 1 0
eregen.dev/admin-api/internal/store/sqlite_clinical.go:241.105,252.16 3 0
eregen.dev/admin-api/internal/store/sqlite_clinical.go:252.16,254.3 1 0
eregen.dev/admin-api/internal/store/sqlite_clinical.go:255.2,255.23 1 0
eregen.dev/admin-api/internal/store/sqlite_clinical.go:259.103,264.2 2 0
eregen.dev/admin-api/internal/store/sqlite_clinical.go:267.103,271.16 2 0
eregen.dev/admin-api/internal/store/sqlite_clinical.go:271.16,273.3 1 0
eregen.dev/admin-api/internal/store/sqlite_clinical.go:274.2,277.18 3 0
eregen.dev/admin-api/internal/store/sqlite_clinical.go:277.18,280.121 3 0
eregen.dev/admin-api/internal/store/sqlite_clinical.go:280.121,282.4 1 0
eregen.dev/admin-api/internal/store/sqlite_clinical.go:283.3,285.27 3 0
eregen.dev/admin-api/internal/store/sqlite_clinical.go:287.2,287.26 1 0
eregen.dev/admin-api/internal/store/sqlite_dashboard.go:11.93,13.131 2 0
eregen.dev/admin-api/internal/store/sqlite_dashboard.go:13.131,15.3 1 0
eregen.dev/admin-api/internal/store/sqlite_dashboard.go:16.2,16.108 1 0
eregen.dev/admin-api/internal/store/sqlite_dashboard.go:16.108,18.3 1 0
eregen.dev/admin-api/internal/store/sqlite_dashboard.go:19.2,19.130 1 0
eregen.dev/admin-api/internal/store/sqlite_dashboard.go:19.130,21.3 1 0
eregen.dev/admin-api/internal/store/sqlite_dashboard.go:22.2,22.144 1 0
eregen.dev/admin-api/internal/store/sqlite_dashboard.go:22.144,24.3 1 0
eregen.dev/admin-api/internal/store/sqlite_dashboard.go:25.2,25.144 1 0
eregen.dev/admin-api/internal/store/sqlite_dashboard.go:25.144,27.3 1 0
eregen.dev/admin-api/internal/store/sqlite_dashboard.go:28.2,28.144 1 0
eregen.dev/admin-api/internal/store/sqlite_dashboard.go:28.144,30.3 1 0
eregen.dev/admin-api/internal/store/sqlite_dashboard.go:31.2,31.104 1 0
eregen.dev/admin-api/internal/store/sqlite_dashboard.go:31.104,33.3 1 0
eregen.dev/admin-api/internal/store/sqlite_dashboard.go:34.2,34.143 1 0
eregen.dev/admin-api/internal/store/sqlite_dashboard.go:34.143,36.3 1 0
eregen.dev/admin-api/internal/store/sqlite_dashboard.go:37.2,37.20 1 0
eregen.dev/admin-api/internal/store/sqlite_dashboard.go:41.99,47.16 2 0
eregen.dev/admin-api/internal/store/sqlite_dashboard.go:47.16,49.3 1 0
eregen.dev/admin-api/internal/store/sqlite_dashboard.go:50.2,53.18 3 0
eregen.dev/admin-api/internal/store/sqlite_dashboard.go:53.18,55.65 2 0
eregen.dev/admin-api/internal/store/sqlite_dashboard.go:55.65,57.4 1 0
eregen.dev/admin-api/internal/store/sqlite_dashboard.go:58.3,58.28 1 0
eregen.dev/admin-api/internal/store/sqlite_dashboard.go:60.2,60.26 1 0
eregen.dev/admin-api/internal/store/sqlite_dashboard.go:64.101,72.16 3 0
eregen.dev/admin-api/internal/store/sqlite_dashboard.go:72.16,74.3 1 0
eregen.dev/admin-api/internal/store/sqlite_dashboard.go:75.2,78.18 3 0
eregen.dev/admin-api/internal/store/sqlite_dashboard.go:78.18,80.79 2 0
eregen.dev/admin-api/internal/store/sqlite_dashboard.go:80.79,82.4 1 0
eregen.dev/admin-api/internal/store/sqlite_dashboard.go:83.3,83.29 1 0
eregen.dev/admin-api/internal/store/sqlite_dashboard.go:85.2,85.27 1 0
eregen.dev/admin-api/internal/store/sqlite_dashboard.go:89.104,93.16 2 0
eregen.dev/admin-api/internal/store/sqlite_dashboard.go:93.16,95.3 1 0
eregen.dev/admin-api/internal/store/sqlite_dashboard.go:96.2,107.18 4 0
eregen.dev/admin-api/internal/store/sqlite_dashboard.go:107.18,109.60 2 0
eregen.dev/admin-api/internal/store/sqlite_dashboard.go:109.60,111.4 1 0
eregen.dev/admin-api/internal/store/sqlite_dashboard.go:112.3,113.32 2 0
eregen.dev/admin-api/internal/store/sqlite_dashboard.go:115.2,115.27 1 0
eregen.dev/admin-api/internal/store/sqlite_dashboard.go:119.103,125.16 3 0
eregen.dev/admin-api/internal/store/sqlite_dashboard.go:125.16,127.3 1 0
eregen.dev/admin-api/internal/store/sqlite_dashboard.go:128.2,131.18 3 0
eregen.dev/admin-api/internal/store/sqlite_dashboard.go:131.18,133.58 2 0
eregen.dev/admin-api/internal/store/sqlite_dashboard.go:133.58,135.4 1 0
eregen.dev/admin-api/internal/store/sqlite_dashboard.go:136.3,136.29 1 0
eregen.dev/admin-api/internal/store/sqlite_dashboard.go:138.2,138.27 1 0
eregen.dev/admin-api/internal/store/sqlite_device.go:16.87,24.2 3 0
eregen.dev/admin-api/internal/store/sqlite_device.go:27.137,34.18 4 1
eregen.dev/admin-api/internal/store/sqlite_device.go:34.18,38.3 3 1
eregen.dev/admin-api/internal/store/sqlite_device.go:39.2,39.19 1 1
eregen.dev/admin-api/internal/store/sqlite_device.go:39.19,43.3 3 0
eregen.dev/admin-api/internal/store/sqlite_device.go:44.2,44.16 1 1
eregen.dev/admin-api/internal/store/sqlite_device.go:44.16,48.3 3 0
eregen.dev/admin-api/internal/store/sqlite_device.go:49.2,53.16 4 1
eregen.dev/admin-api/internal/store/sqlite_device.go:53.16,55.3 1 0
eregen.dev/admin-api/internal/store/sqlite_device.go:56.2,59.18 3 1
eregen.dev/admin-api/internal/store/sqlite_device.go:59.18,62.128 3 1
eregen.dev/admin-api/internal/store/sqlite_device.go:62.128,64.4 1 0
eregen.dev/admin-api/internal/store/sqlite_device.go:65.3,66.31 2 1
eregen.dev/admin-api/internal/store/sqlite_device.go:68.2,68.28 1 1
eregen.dev/admin-api/internal/store/sqlite_device.go:72.117,74.16 2 1
eregen.dev/admin-api/internal/store/sqlite_device.go:74.16,76.3 1 0
eregen.dev/admin-api/internal/store/sqlite_device.go:77.2,78.12 2 1
eregen.dev/admin-api/internal/store/sqlite_device.go:82.103,87.2 2 0
eregen.dev/admin-api/internal/store/sqlite_device.go:90.98,105.16 4 1
eregen.dev/admin-api/internal/store/sqlite_device.go:105.16,106.27 1 0
eregen.dev/admin-api/internal/store/sqlite_device.go:106.27,108.4 1 0
eregen.dev/admin-api/internal/store/sqlite_device.go:109.3,109.48 1 0
eregen.dev/admin-api/internal/store/sqlite_device.go:111.2,113.23 3 1
eregen.dev/admin-api/internal/store/sqlite_device.go:113.23,115.3 1 1
eregen.dev/admin-api/internal/store/sqlite_device.go:116.2,116.16 1 1
eregen.dev/admin-api/internal/store/sqlite_device.go:120.80,126.2 2 0
eregen.dev/admin-api/internal/store/sqlite_device.go:129.111,130.31 1 0
eregen.dev/admin-api/internal/store/sqlite_device.go:130.31,135.31 3 0
eregen.dev/admin-api/internal/store/sqlite_device.go:135.31,137.4 1 0
eregen.dev/admin-api/internal/store/sqlite_device.go:139.2,139.12 1 0
eregen.dev/admin-api/internal/store/sqlite_elderly.go:18.108,25.16 2 1
eregen.dev/admin-api/internal/store/sqlite_elderly.go:25.16,28.3 2 0
eregen.dev/admin-api/internal/store/sqlite_elderly.go:29.2,32.18 3 1
eregen.dev/admin-api/internal/store/sqlite_elderly.go:32.18,36.121 4 1
eregen.dev/admin-api/internal/store/sqlite_elderly.go:36.121,38.4 1 0
eregen.dev/admin-api/internal/store/sqlite_elderly.go:39.3,39.22 1 1
eregen.dev/admin-api/internal/store/sqlite_elderly.go:39.22,41.4 1 1
eregen.dev/admin-api/internal/store/sqlite_elderly.go:42.3,43.46 2 1
eregen.dev/admin-api/internal/store/sqlite_elderly.go:43.46,44.71 1 1
eregen.dev/admin-api/internal/store/sqlite_elderly.go:44.71,46.5 1 1
eregen.dev/admin-api/internal/store/sqlite_elderly.go:48.3,48.23 1 1
eregen.dev/admin-api/internal/store/sqlite_elderly.go:48.23,50.4 1 1
eregen.dev/admin-api/internal/store/sqlite_elderly.go:51.3,51.22 1 1
eregen.dev/admin-api/internal/store/sqlite_elderly.go:51.22,53.4 1 1
eregen.dev/admin-api/internal/store/sqlite_elderly.go:54.3,54.20 1 1
eregen.dev/admin-api/internal/store/sqlite_elderly.go:54.20,56.4 1 1
eregen.dev/admin-api/internal/store/sqlite_elderly.go:57.3,57.33 1 1
eregen.dev/admin-api/internal/store/sqlite_elderly.go:59.2,59.29 1 1
eregen.dev/admin-api/internal/store/sqlite_elderly.go:62.97,72.16 5 1
eregen.dev/admin-api/internal/store/sqlite_elderly.go:72.16,73.27 1 1
eregen.dev/admin-api/internal/store/sqlite_elderly.go:73.27,75.4 1 1
eregen.dev/admin-api/internal/store/sqlite_elderly.go:76.3,76.49 1 0
eregen.dev/admin-api/internal/store/sqlite_elderly.go:78.2,79.21 2 1
eregen.dev/admin-api/internal/store/sqlite_elderly.go:79.21,81.3 1 1
eregen.dev/admin-api/internal/store/sqlite_elderly.go:82.2,82.20 1 1
eregen.dev/admin-api/internal/store/sqlite_elderly.go:82.20,83.63 1 1
eregen.dev/admin-api/internal/store/sqlite_elderly.go:83.63,85.4 1 1
eregen.dev/admin-api/internal/store/sqlite_elderly.go:87.2,87.22 1 1
eregen.dev/admin-api/internal/store/sqlite_elderly.go:87.22,89.3 1 1
eregen.dev/admin-api/internal/store/sqlite_elderly.go:90.2,90.21 1 1
eregen.dev/admin-api/internal/store/sqlite_elderly.go:90.21,92.3 1 1
eregen.dev/admin-api/internal/store/sqlite_elderly.go:93.2,93.19 1 1
eregen.dev/admin-api/internal/store/sqlite_elderly.go:93.19,95.3 1 1
eregen.dev/admin-api/internal/store/sqlite_elderly.go:96.2,96.16 1 1
eregen.dev/admin-api/internal/store/sqlite_elderly.go:99.161,106.16 4 1
eregen.dev/admin-api/internal/store/sqlite_elderly.go:106.16,108.3 1 0
eregen.dev/admin-api/internal/store/sqlite_elderly.go:109.2,113.16 2 1
eregen.dev/admin-api/internal/store/sqlite_elderly.go:113.16,115.3 1 0
eregen.dev/admin-api/internal/store/sqlite_elderly.go:116.2,116.97 1 1
eregen.dev/admin-api/internal/store/sqlite_elderly.go:119.165,123.16 2 1
eregen.dev/admin-api/internal/store/sqlite_elderly.go:123.16,125.3 1 0
eregen.dev/admin-api/internal/store/sqlite_elderly.go:126.2,126.97 1 1
eregen.dev/admin-api/internal/store/sqlite_elderly.go:129.75,132.2 2 1
eregen.dev/admin-api/internal/store/sqlite_elderly.go:134.112,143.16 5 0
eregen.dev/admin-api/internal/store/sqlite_elderly.go:143.16,145.3 1 0
eregen.dev/admin-api/internal/store/sqlite_elderly.go:146.2,147.20 2 0
eregen.dev/admin-api/internal/store/sqlite_elderly.go:150.130,154.16 2 1
eregen.dev/admin-api/internal/store/sqlite_elderly.go:154.16,156.3 1 0
eregen.dev/admin-api/internal/store/sqlite_elderly.go:157.2,160.18 3 1
eregen.dev/admin-api/internal/store/sqlite_elderly.go:160.18,163.112 3 1
eregen.dev/admin-api/internal/store/sqlite_elderly.go:163.112,165.4 1 0
eregen.dev/admin-api/internal/store/sqlite_elderly.go:166.3,167.27 2 1
eregen.dev/admin-api/internal/store/sqlite_elderly.go:169.2,169.26 1 1
eregen.dev/admin-api/internal/store/sqlite_elderly.go:172.123,176.16 2 1
eregen.dev/admin-api/internal/store/sqlite_elderly.go:176.16,178.3 1 0
eregen.dev/admin-api/internal/store/sqlite_elderly.go:179.2,182.18 3 1
eregen.dev/admin-api/internal/store/sqlite_elderly.go:182.18,186.136 4 1
eregen.dev/admin-api/internal/store/sqlite_elderly.go:186.136,188.4 1 0
eregen.dev/admin-api/internal/store/sqlite_elderly.go:189.3,191.27 3 1
eregen.dev/admin-api/internal/store/sqlite_elderly.go:193.2,193.26 1 1
eregen.dev/admin-api/internal/store/sqlite_elderly.go:196.120,204.2 4 1
eregen.dev/admin-api/internal/store/sqlite_elderly.go:206.129,209.28 3 1
eregen.dev/admin-api/internal/store/sqlite_elderly.go:209.28,212.3 2 1
eregen.dev/admin-api/internal/store/sqlite_elderly.go:213.2,217.12 4 1
eregen.dev/admin-api/internal/store/sqlite_elderly.go:220.97,224.2 2 1
eregen.dev/admin-api/internal/store/sqlite_elderly.go:226.114,234.16 2 0
eregen.dev/admin-api/internal/store/sqlite_elderly.go:234.16,236.3 1 0
eregen.dev/admin-api/internal/store/sqlite_elderly.go:237.2,240.18 3 0
eregen.dev/admin-api/internal/store/sqlite_elderly.go:240.18,243.114 3 0
eregen.dev/admin-api/internal/store/sqlite_elderly.go:243.114,245.4 1 0
eregen.dev/admin-api/internal/store/sqlite_elderly.go:246.3,247.27 2 0
eregen.dev/admin-api/internal/store/sqlite_elderly.go:249.2,249.26 1 0
eregen.dev/admin-api/internal/store/sqlite_elderly.go:252.130,256.16 2 1
eregen.dev/admin-api/internal/store/sqlite_elderly.go:256.16,258.3 1 0
eregen.dev/admin-api/internal/store/sqlite_elderly.go:259.2,262.18 3 1
eregen.dev/admin-api/internal/store/sqlite_elderly.go:262.18,265.100 3 1
eregen.dev/admin-api/internal/store/sqlite_elderly.go:265.100,267.4 1 0
eregen.dev/admin-api/internal/store/sqlite_elderly.go:268.3,269.27 2 1
eregen.dev/admin-api/internal/store/sqlite_elderly.go:271.2,271.26 1 1
eregen.dev/admin-api/internal/store/sqlite_elderly.go:274.129,278.16 2 0
eregen.dev/admin-api/internal/store/sqlite_elderly.go:278.16,280.3 1 0
eregen.dev/admin-api/internal/store/sqlite_elderly.go:281.2,284.18 3 0
eregen.dev/admin-api/internal/store/sqlite_elderly.go:284.18,287.109 3 0
eregen.dev/admin-api/internal/store/sqlite_elderly.go:287.109,289.4 1 0
eregen.dev/admin-api/internal/store/sqlite_elderly.go:290.3,291.27 2 0
eregen.dev/admin-api/internal/store/sqlite_elderly.go:293.2,293.26 1 0
eregen.dev/admin-api/internal/store/sqlite_elderly.go:296.95,298.26 2 1
eregen.dev/admin-api/internal/store/sqlite_elderly.go:298.26,300.3 1 0
eregen.dev/admin-api/internal/store/sqlite_elderly.go:301.2,304.71 1 1
eregen.dev/admin-api/internal/store/sqlite_elderly.go:304.71,306.3 1 0
eregen.dev/admin-api/internal/store/sqlite_elderly.go:307.2,313.12 2 1
eregen.dev/admin-api/internal/store/sqlite_elderly.go:316.91,318.28 2 1
eregen.dev/admin-api/internal/store/sqlite_elderly.go:318.28,320.3 1 0
eregen.dev/admin-api/internal/store/sqlite_elderly.go:321.2,325.12 2 1
eregen.dev/admin-api/internal/store/sqlite_firmware.go:13.98,19.2 2 0
eregen.dev/admin-api/internal/store/sqlite_firmware.go:22.98,26.16 2 0
eregen.dev/admin-api/internal/store/sqlite_firmware.go:26.16,28.3 1 0
eregen.dev/admin-api/internal/store/sqlite_firmware.go:29.2,32.18 3 0
eregen.dev/admin-api/internal/store/sqlite_firmware.go:32.18,35.108 2 0
eregen.dev/admin-api/internal/store/sqlite_firmware.go:35.108,37.4 1 0
eregen.dev/admin-api/internal/store/sqlite_firmware.go:38.3,38.29 1 0
eregen.dev/admin-api/internal/store/sqlite_firmware.go:40.2,40.27 1 0
eregen.dev/admin-api/internal/store/sqlite_firmware.go:44.83,47.2 2 0
eregen.dev/admin-api/internal/store/sqlite_firmware.go:50.106,57.16 3 0
eregen.dev/admin-api/internal/store/sqlite_firmware.go:57.16,59.3 1 0
eregen.dev/admin-api/internal/store/sqlite_firmware.go:60.2,60.16 1 0
eregen.dev/admin-api/internal/store/sqlite_firmware.go:64.101,66.16 2 0
eregen.dev/admin-api/internal/store/sqlite_firmware.go:66.16,68.3 1 0
eregen.dev/admin-api/internal/store/sqlite_firmware.go:69.2,69.24 1 0
eregen.dev/admin-api/internal/store/sqlite_firmware.go:69.24,71.3 1 0
eregen.dev/admin-api/internal/store/sqlite_firmware.go:72.2,72.29 1 0
eregen.dev/admin-api/internal/store/sqlite_firmware.go:72.29,74.3 1 0
eregen.dev/admin-api/internal/store/sqlite_firmware.go:75.2,75.30 1 0
eregen.dev/admin-api/internal/store/sqlite_firmware.go:79.110,81.24 2 0
eregen.dev/admin-api/internal/store/sqlite_firmware.go:81.24,84.3 2 0
eregen.dev/admin-api/internal/store/sqlite_firmware.go:85.2,89.16 3 0
eregen.dev/admin-api/internal/store/sqlite_firmware.go:93.91,98.16 3 0
eregen.dev/admin-api/internal/store/sqlite_firmware.go:98.16,100.3 1 0
eregen.dev/admin-api/internal/store/sqlite_firmware.go:101.2,101.18 1 0
eregen.dev/admin-api/internal/store/sqlite_lifecycle.go:16.137,21.26 3 0
eregen.dev/admin-api/internal/store/sqlite_lifecycle.go:21.26,23.3 1 0
eregen.dev/admin-api/internal/store/sqlite_lifecycle.go:24.2,24.16 1 0
eregen.dev/admin-api/internal/store/sqlite_lifecycle.go:24.16,26.3 1 0
eregen.dev/admin-api/internal/store/sqlite_lifecycle.go:29.2,30.25 2 0
eregen.dev/admin-api/internal/store/sqlite_lifecycle.go:30.25,32.3 1 0
eregen.dev/admin-api/internal/store/sqlite_lifecycle.go:34.2,35.16 2 0
eregen.dev/admin-api/internal/store/sqlite_lifecycle.go:35.16,37.3 1 0
eregen.dev/admin-api/internal/store/sqlite_lifecycle.go:38.2,44.16 3 0
eregen.dev/admin-api/internal/store/sqlite_lifecycle.go:44.16,46.3 1 0
eregen.dev/admin-api/internal/store/sqlite_lifecycle.go:49.2,54.16 3 0
eregen.dev/admin-api/internal/store/sqlite_lifecycle.go:54.16,56.3 1 0
eregen.dev/admin-api/internal/store/sqlite_lifecycle.go:58.2,58.20 1 0
eregen.dev/admin-api/internal/store/sqlite_lifecycle.go:61.120,66.26 3 0
eregen.dev/admin-api/internal/store/sqlite_lifecycle.go:66.26,68.3 1 0
eregen.dev/admin-api/internal/store/sqlite_lifecycle.go:69.2,69.20 1 0
eregen.dev/admin-api/internal/store/sqlite_lifecycle.go:72.127,77.16 2 0
eregen.dev/admin-api/internal/store/sqlite_lifecycle.go:77.16,79.3 1 0
eregen.dev/admin-api/internal/store/sqlite_lifecycle.go:80.2,84.12 2 0
eregen.dev/admin-api/internal/store/sqlite_lifecycle.go:87.150,88.16 1 0
eregen.dev/admin-api/internal/store/sqlite_lifecycle.go:88.16,90.3 1 0
eregen.dev/admin-api/internal/store/sqlite_lifecycle.go:91.2,98.16 2 0
eregen.dev/admin-api/internal/store/sqlite_lifecycle.go:98.16,100.3 1 0
eregen.dev/admin-api/internal/store/sqlite_lifecycle.go:101.2,104.18 3 0
eregen.dev/admin-api/internal/store/sqlite_lifecycle.go:104.18,108.17 4 0
eregen.dev/admin-api/internal/store/sqlite_lifecycle.go:108.17,110.4 1 0
eregen.dev/admin-api/internal/store/sqlite_lifecycle.go:111.3,111.24 1 0
eregen.dev/admin-api/internal/store/sqlite_lifecycle.go:111.24,113.4 1 0
eregen.dev/admin-api/internal/store/sqlite_lifecycle.go:114.3,114.21 1 0
eregen.dev/admin-api/internal/store/sqlite_lifecycle.go:114.21,116.4 1 0
eregen.dev/admin-api/internal/store/sqlite_lifecycle.go:117.3,117.31 1 0
eregen.dev/admin-api/internal/store/sqlite_lifecycle.go:119.2,119.28 1 0
eregen.dev/admin-api/internal/store/sqlite_patient.go:15.89,22.2 3 0
eregen.dev/admin-api/internal/store/sqlite_patient.go:25.97,33.16 4 0
eregen.dev/admin-api/internal/store/sqlite_patient.go:33.16,34.27 1 0
eregen.dev/admin-api/internal/store/sqlite_patient.go:34.27,36.4 1 0
eregen.dev/admin-api/internal/store/sqlite_patient.go:37.3,37.49 1 0
eregen.dev/admin-api/internal/store/sqlite_patient.go:39.2,42.16 4 0
eregen.dev/admin-api/internal/store/sqlite_patient.go:46.124,51.18 4 0
eregen.dev/admin-api/internal/store/sqlite_patient.go:51.18,55.3 3 0
eregen.dev/admin-api/internal/store/sqlite_patient.go:56.2,60.16 4 0
eregen.dev/admin-api/internal/store/sqlite_patient.go:60.16,62.3 1 0
eregen.dev/admin-api/internal/store/sqlite_patient.go:63.2,66.18 3 0
eregen.dev/admin-api/internal/store/sqlite_patient.go:66.18,69.156 3 0
eregen.dev/admin-api/internal/store/sqlite_patient.go:69.156,71.4 1 0
eregen.dev/admin-api/internal/store/sqlite_patient.go:72.3,74.33 3 0
eregen.dev/admin-api/internal/store/sqlite_patient.go:76.2,76.29 1 0
eregen.dev/admin-api/internal/store/sqlite_patient.go:80.89,86.2 3 0
eregen.dev/admin-api/internal/store/sqlite_patient.go:89.75,93.2 2 0
eregen.dev/admin-api/internal/store/sqlite_patient.go:96.119,104.16 4 0
eregen.dev/admin-api/internal/store/sqlite_patient.go:104.16,105.27 1 0
eregen.dev/admin-api/internal/store/sqlite_patient.go:105.27,107.4 1 0
eregen.dev/admin-api/internal/store/sqlite_patient.go:108.3,108.18 1 0
eregen.dev/admin-api/internal/store/sqlite_patient.go:110.2,113.16 4 0
eregen.dev/admin-api/internal/store/sqlite_patient.go:117.103,118.29 1 0
eregen.dev/admin-api/internal/store/sqlite_patient.go:118.29,119.50 1 0
eregen.dev/admin-api/internal/store/sqlite_patient.go:119.50,121.4 1 0
eregen.dev/admin-api/internal/store/sqlite_patient.go:123.2,123.12 1 0
eregen.dev/admin-api/internal/store/sqlite_patient.go:127.118,129.16 2 0
eregen.dev/admin-api/internal/store/sqlite_patient.go:129.16,131.3 1 0
eregen.dev/admin-api/internal/store/sqlite_patient.go:132.2,132.65 1 0
eregen.dev/admin-api/internal/store/sqlite_person.go:15.38,16.14 1 0
eregen.dev/admin-api/internal/store/sqlite_person.go:16.14,18.3 1 0
eregen.dev/admin-api/internal/store/sqlite_person.go:19.2,19.31 1 0
eregen.dev/admin-api/internal/store/sqlite_person.go:22.42,23.13 1 0
eregen.dev/admin-api/internal/store/sqlite_person.go:23.13,25.3 1 0
eregen.dev/admin-api/internal/store/sqlite_person.go:26.2,27.16 2 0
eregen.dev/admin-api/internal/store/sqlite_person.go:27.16,29.3 1 0
eregen.dev/admin-api/internal/store/sqlite_person.go:30.2,30.11 1 0
eregen.dev/admin-api/internal/store/sqlite_person.go:33.39,34.14 1 0
eregen.dev/admin-api/internal/store/sqlite_person.go:34.14,36.3 1 0
eregen.dev/admin-api/internal/store/sqlite_person.go:37.2,37.11 1 0
eregen.dev/admin-api/internal/store/sqlite_person.go:42.80,53.2 5 0
eregen.dev/admin-api/internal/store/sqlite_person.go:55.88,65.26 6 0
eregen.dev/admin-api/internal/store/sqlite_person.go:65.26,67.3 1 0
eregen.dev/admin-api/internal/store/sqlite_person.go:68.2,68.16 1 0
eregen.dev/admin-api/internal/store/sqlite_person.go:68.16,70.3 1 0
eregen.dev/admin-api/internal/store/sqlite_person.go:71.2,72.45 2 0
eregen.dev/admin-api/internal/store/sqlite_person.go:72.45,75.3 2 0
eregen.dev/admin-api/internal/store/sqlite_person.go:76.2,76.53 1 0
eregen.dev/admin-api/internal/store/sqlite_person.go:76.53,79.3 2 0
eregen.dev/admin-api/internal/store/sqlite_person.go:80.2,80.49 1 0
eregen.dev/admin-api/internal/store/sqlite_person.go:80.49,83.3 2 0
eregen.dev/admin-api/internal/store/sqlite_person.go:84.2,84.47 1 0
eregen.dev/admin-api/internal/store/sqlite_person.go:84.47,86.3 1 0
eregen.dev/admin-api/internal/store/sqlite_person.go:87.2,87.66 1 0
eregen.dev/admin-api/internal/store/sqlite_person.go:87.66,89.3 1 0
eregen.dev/admin-api/internal/store/sqlite_person.go:90.2,90.66 1 0
eregen.dev/admin-api/internal/store/sqlite_person.go:90.66,92.3 1 0
eregen.dev/admin-api/internal/store/sqlite_person.go:93.2,93.16 1 0
eregen.dev/admin-api/internal/store/sqlite_person.go:96.100,106.26 6 0
eregen.dev/admin-api/internal/store/sqlite_person.go:106.26,108.3 1 0
eregen.dev/admin-api/internal/store/sqlite_person.go:109.2,109.16 1 0
eregen.dev/admin-api/internal/store/sqlite_person.go:109.16,111.3 1 0
eregen.dev/admin-api/internal/store/sqlite_person.go:112.2,113.45 2 0
eregen.dev/admin-api/internal/store/sqlite_person.go:113.45,116.3 2 0
eregen.dev/admin-api/internal/store/sqlite_person.go:117.2,117.53 1 0
eregen.dev/admin-api/internal/store/sqlite_person.go:117.53,120.3 2 0
eregen.dev/admin-api/internal/store/sqlite_person.go:121.2,121.49 1 0
eregen.dev/admin-api/internal/store/sqlite_person.go:121.49,124.3 2 0
eregen.dev/admin-api/internal/store/sqlite_person.go:125.2,125.47 1 0
eregen.dev/admin-api/internal/store/sqlite_person.go:125.47,127.3 1 0
eregen.dev/admin-api/internal/store/sqlite_person.go:128.2,128.66 1 0
eregen.dev/admin-api/internal/store/sqlite_person.go:128.66,130.3 1 0
eregen.dev/admin-api/internal/store/sqlite_person.go:131.2,131.66 1 0
eregen.dev/admin-api/internal/store/sqlite_person.go:131.66,133.3 1 0
eregen.dev/admin-api/internal/store/sqlite_person.go:134.2,134.16 1 0
eregen.dev/admin-api/internal/store/sqlite_person.go:137.130,141.25 3 0
eregen.dev/admin-api/internal/store/sqlite_person.go:141.25,144.3 2 0
eregen.dev/admin-api/internal/store/sqlite_person.go:145.2,145.18 1 0
eregen.dev/admin-api/internal/store/sqlite_person.go:145.18,148.3 2 0
eregen.dev/admin-api/internal/store/sqlite_person.go:149.2,153.16 4 0
eregen.dev/admin-api/internal/store/sqlite_person.go:153.16,155.3 1 0
eregen.dev/admin-api/internal/store/sqlite_person.go:156.2,159.18 3 0
eregen.dev/admin-api/internal/store/sqlite_person.go:159.18,166.57 5 0
eregen.dev/admin-api/internal/store/sqlite_person.go:166.57,168.4 1 0
eregen.dev/admin-api/internal/store/sqlite_person.go:169.3,171.46 3 0
eregen.dev/admin-api/internal/store/sqlite_person.go:171.46,174.4 2 0
eregen.dev/admin-api/internal/store/sqlite_person.go:175.3,175.54 1 0
eregen.dev/admin-api/internal/store/sqlite_person.go:175.54,178.4 2 0
eregen.dev/admin-api/internal/store/sqlite_person.go:179.3,179.50 1 0
eregen.dev/admin-api/internal/store/sqlite_person.go:179.50,182.4 2 0
eregen.dev/admin-api/internal/store/sqlite_person.go:183.3,183.48 1 0
eregen.dev/admin-api/internal/store/sqlite_person.go:183.48,186.4 2 0
eregen.dev/admin-api/internal/store/sqlite_person.go:187.3,187.67 1 0
eregen.dev/admin-api/internal/store/sqlite_person.go:187.67,189.4 1 0
eregen.dev/admin-api/internal/store/sqlite_person.go:190.3,190.67 1 0
eregen.dev/admin-api/internal/store/sqlite_person.go:190.67,192.4 1 0
eregen.dev/admin-api/internal/store/sqlite_person.go:193.3,193.31 1 0
eregen.dev/admin-api/internal/store/sqlite_person.go:195.2,195.28 1 0
eregen.dev/admin-api/internal/store/sqlite_person.go:198.98,199.23 1 0
eregen.dev/admin-api/internal/store/sqlite_person.go:199.23,201.3 1 0
eregen.dev/admin-api/internal/store/sqlite_person.go:202.2,204.28 3 0
eregen.dev/admin-api/internal/store/sqlite_person.go:204.28,207.3 2 0
eregen.dev/admin-api/internal/store/sqlite_person.go:208.2,211.12 3 0
eregen.dev/admin-api/internal/store/sqlite_person.go:214.74,217.2 2 0
eregen.dev/admin-api/internal/store/sqlite_person.go:221.89,239.2 4 0
eregen.dev/admin-api/internal/store/sqlite_person.go:241.129,260.26 7 0
eregen.dev/admin-api/internal/store/sqlite_person.go:260.26,262.3 1 0
eregen.dev/admin-api/internal/store/sqlite_person.go:263.2,263.16 1 0
eregen.dev/admin-api/internal/store/sqlite_person.go:263.16,265.3 1 0
eregen.dev/admin-api/internal/store/sqlite_person.go:266.2,290.17 25 0
eregen.dev/admin-api/internal/store/sqlite_person.go:293.115,301.16 2 0
eregen.dev/admin-api/internal/store/sqlite_person.go:301.16,303.3 1 0
eregen.dev/admin-api/internal/store/sqlite_person.go:304.2,307.18 3 0
eregen.dev/admin-api/internal/store/sqlite_person.go:307.18,315.46 3 0
eregen.dev/admin-api/internal/store/sqlite_person.go:315.46,317.4 1 0
eregen.dev/admin-api/internal/store/sqlite_person.go:318.3,325.34 8 0
eregen.dev/admin-api/internal/store/sqlite_person.go:327.2,327.29 1 0
eregen.dev/admin-api/internal/store/sqlite_person.go:330.89,346.2 3 0
eregen.dev/admin-api/internal/store/sqlite_person.go:350.101,355.2 2 0
eregen.dev/admin-api/internal/store/sqlite_person.go:357.99,361.2 2 0
eregen.dev/admin-api/internal/store/sqlite_person.go:363.117,366.16 2 0
eregen.dev/admin-api/internal/store/sqlite_person.go:366.16,368.3 1 0
eregen.dev/admin-api/internal/store/sqlite_person.go:369.2,372.18 3 0
eregen.dev/admin-api/internal/store/sqlite_person.go:372.18,375.80 3 0
eregen.dev/admin-api/internal/store/sqlite_person.go:375.80,377.4 1 0
eregen.dev/admin-api/internal/store/sqlite_person.go:378.3,378.20 1 0
eregen.dev/admin-api/internal/store/sqlite_person.go:378.20,380.4 1 0
eregen.dev/admin-api/internal/store/sqlite_person.go:381.3,381.18 1 0
eregen.dev/admin-api/internal/store/sqlite_person.go:381.18,383.4 1 0
eregen.dev/admin-api/internal/store/sqlite_person.go:384.3,384.26 1 0
eregen.dev/admin-api/internal/store/sqlite_person.go:386.2,386.25 1 0
eregen.dev/admin-api/internal/store/sqlite_person_medication.go:16.143,23.17 3 0
eregen.dev/admin-api/internal/store/sqlite_person_medication.go:23.17,26.3 2 0
eregen.dev/admin-api/internal/store/sqlite_person_medication.go:27.2,30.16 3 0
eregen.dev/admin-api/internal/store/sqlite_person_medication.go:30.16,32.3 1 0
eregen.dev/admin-api/internal/store/sqlite_person_medication.go:33.2,36.18 3 0
eregen.dev/admin-api/internal/store/sqlite_person_medication.go:36.18,44.41 4 0
eregen.dev/admin-api/internal/store/sqlite_person_medication.go:44.41,46.4 1 0
eregen.dev/admin-api/internal/store/sqlite_person_medication.go:47.3,58.27 12 0
eregen.dev/admin-api/internal/store/sqlite_person_medication.go:60.2,60.26 1 0
eregen.dev/admin-api/internal/store/sqlite_person_medication.go:63.101,78.2 5 0
eregen.dev/admin-api/internal/store/sqlite_person_medication.go:80.108,81.23 1 0
eregen.dev/admin-api/internal/store/sqlite_person_medication.go:81.23,83.3 1 0
eregen.dev/admin-api/internal/store/sqlite_person_medication.go:84.2,86.28 3 0
eregen.dev/admin-api/internal/store/sqlite_person_medication.go:86.28,89.3 2 0
eregen.dev/admin-api/internal/store/sqlite_person_medication.go:90.2,94.12 3 0
eregen.dev/admin-api/internal/store/sqlite_person_medication.go:97.84,100.2 2 0
eregen.dev/admin-api/internal/store/sqlite_person_medication.go:102.106,112.2 4 0
eregen.dev/admin-api/internal/store/sqlite_person_medication.go:114.161,119.17 3 0
eregen.dev/admin-api/internal/store/sqlite_person_medication.go:119.17,122.3 2 0
eregen.dev/admin-api/internal/store/sqlite_person_medication.go:123.2,127.16 4 0
eregen.dev/admin-api/internal/store/sqlite_person_medication.go:127.16,129.3 1 0
eregen.dev/admin-api/internal/store/sqlite_person_medication.go:130.2,133.18 3 0
eregen.dev/admin-api/internal/store/sqlite_person_medication.go:133.18,137.40 2 0
eregen.dev/admin-api/internal/store/sqlite_person_medication.go:137.40,139.4 1 0
eregen.dev/admin-api/internal/store/sqlite_person_medication.go:140.3,140.37 1 0
eregen.dev/admin-api/internal/store/sqlite_person_medication.go:142.2,142.31 1 0
eregen.dev/admin-api/internal/store/sqlite_person_medication.go:147.95,159.2 5 0
eregen.dev/admin-api/internal/store/sqlite_person_medication.go:161.104,166.16 2 0
eregen.dev/admin-api/internal/store/sqlite_person_medication.go:166.16,168.3 1 0
eregen.dev/admin-api/internal/store/sqlite_person_medication.go:169.2,172.18 3 0
eregen.dev/admin-api/internal/store/sqlite_person_medication.go:172.18,176.82 3 0
eregen.dev/admin-api/internal/store/sqlite_person_medication.go:176.82,178.4 1 0
eregen.dev/admin-api/internal/store/sqlite_person_medication.go:179.3,179.23 1 0
eregen.dev/admin-api/internal/store/sqlite_person_medication.go:179.23,182.4 2 0
eregen.dev/admin-api/internal/store/sqlite_person_medication.go:183.3,183.33 1 0
eregen.dev/admin-api/internal/store/sqlite_person_medication.go:185.2,185.29 1 0
eregen.dev/admin-api/internal/store/sqlite_person_medication.go:188.123,193.16 2 0
eregen.dev/admin-api/internal/store/sqlite_person_medication.go:193.16,195.3 1 0
eregen.dev/admin-api/internal/store/sqlite_person_medication.go:196.2,199.18 3 0
eregen.dev/admin-api/internal/store/sqlite_person_medication.go:199.18,203.82 3 0
eregen.dev/admin-api/internal/store/sqlite_person_medication.go:203.82,205.4 1 0
eregen.dev/admin-api/internal/store/sqlite_person_medication.go:206.3,206.23 1 0
eregen.dev/admin-api/internal/store/sqlite_person_medication.go:206.23,209.4 2 0
eregen.dev/admin-api/internal/store/sqlite_person_medication.go:210.3,210.33 1 0
eregen.dev/admin-api/internal/store/sqlite_person_medication.go:212.2,212.29 1 0
eregen.dev/admin-api/internal/store/sqlite_person_medication.go:215.79,218.2 2 0
eregen.dev/admin-api/internal/store/sqlite_person_medication.go:220.118,226.26 3 0
eregen.dev/admin-api/internal/store/sqlite_person_medication.go:226.26,228.3 1 0
eregen.dev/admin-api/internal/store/sqlite_person_medication.go:229.2,229.16 1 0
eregen.dev/admin-api/internal/store/sqlite_person_medication.go:229.16,231.3 1 0
eregen.dev/admin-api/internal/store/sqlite_person_medication.go:232.2,232.19 1 0
eregen.dev/admin-api/internal/store/sqlite_person_medication.go:237.86,251.2 5 0
eregen.dev/admin-api/internal/store/sqlite_person_medication.go:253.38,254.14 1 0
eregen.dev/admin-api/internal/store/sqlite_person_medication.go:254.14,256.3 1 0
eregen.dev/admin-api/internal/store/sqlite_person_medication.go:257.2,257.11 1 0
eregen.dev/admin-api/internal/store/sqlite_person_medication.go:260.94,274.26 5 0
eregen.dev/admin-api/internal/store/sqlite_person_medication.go:274.26,276.3 1 0
eregen.dev/admin-api/internal/store/sqlite_person_medication.go:277.2,277.16 1 0
eregen.dev/admin-api/internal/store/sqlite_person_medication.go:277.16,279.3 1 0
eregen.dev/admin-api/internal/store/sqlite_person_medication.go:280.2,284.16 5 0
eregen.dev/admin-api/internal/store/sqlite_person_medication.go:287.113,291.17 4 0
eregen.dev/admin-api/internal/store/sqlite_person_medication.go:291.17,298.3 1 0
eregen.dev/admin-api/internal/store/sqlite_person_medication.go:298.8,305.3 1 0
eregen.dev/admin-api/internal/store/sqlite_person_medication.go:306.2,306.16 1 0
eregen.dev/admin-api/internal/store/sqlite_person_medication.go:306.16,308.3 1 0
eregen.dev/admin-api/internal/store/sqlite_person_medication.go:309.2,311.18 2 0
eregen.dev/admin-api/internal/store/sqlite_person_medication.go:311.18,318.72 4 0
eregen.dev/admin-api/internal/store/sqlite_person_medication.go:318.72,320.4 1 0
eregen.dev/admin-api/internal/store/sqlite_person_medication.go:321.3,325.27 5 0
eregen.dev/admin-api/internal/store/sqlite_person_medication.go:327.2,327.26 1 0
eregen.dev/admin-api/internal/store/sqlite_person_medication.go:330.101,331.23 1 0
eregen.dev/admin-api/internal/store/sqlite_person_medication.go:331.23,333.3 1 0
eregen.dev/admin-api/internal/store/sqlite_person_medication.go:334.2,336.28 3 0
eregen.dev/admin-api/internal/store/sqlite_person_medication.go:336.28,339.3 2 0
eregen.dev/admin-api/internal/store/sqlite_person_medication.go:340.2,344.12 3 0
eregen.dev/admin-api/internal/store/sqlite_person_medication.go:347.77,350.2 2 0
eregen.dev/admin-api/internal/store/sqlite_person_medication.go:354.96,373.2 4 0
eregen.dev/admin-api/internal/store/sqlite_person_medication.go:375.41,376.14 1 0
eregen.dev/admin-api/internal/store/sqlite_person_medication.go:376.14,378.3 1 0
eregen.dev/admin-api/internal/store/sqlite_person_medication.go:379.2,379.11 1 0
eregen.dev/admin-api/internal/store/sqlite_person_medication.go:381.47,382.14 1 0
eregen.dev/admin-api/internal/store/sqlite_person_medication.go:382.14,384.3 1 0
eregen.dev/admin-api/internal/store/sqlite_person_medication.go:385.2,385.11 1 0
eregen.dev/admin-api/internal/store/sqlite_person_medication.go:387.45,388.14 1 0
eregen.dev/admin-api/internal/store/sqlite_person_medication.go:388.14,390.3 1 0
eregen.dev/admin-api/internal/store/sqlite_person_medication.go:391.2,391.11 1 0
eregen.dev/admin-api/internal/store/sqlite_person_medication.go:394.170,403.17 3 0
eregen.dev/admin-api/internal/store/sqlite_person_medication.go:403.17,406.3 2 0
eregen.dev/admin-api/internal/store/sqlite_person_medication.go:407.2,407.22 1 0
eregen.dev/admin-api/internal/store/sqlite_person_medication.go:407.22,410.3 2 0
eregen.dev/admin-api/internal/store/sqlite_person_medication.go:411.2,415.16 4 0
eregen.dev/admin-api/internal/store/sqlite_person_medication.go:415.16,417.3 1 0
eregen.dev/admin-api/internal/store/sqlite_person_medication.go:418.2,421.18 3 0
eregen.dev/admin-api/internal/store/sqlite_person_medication.go:421.18,428.94 3 0
eregen.dev/admin-api/internal/store/sqlite_person_medication.go:428.94,430.4 1 0
eregen.dev/admin-api/internal/store/sqlite_person_medication.go:431.3,431.24 1 0
eregen.dev/admin-api/internal/store/sqlite_person_medication.go:431.24,433.4 1 0
eregen.dev/admin-api/internal/store/sqlite_person_medication.go:434.3,434.26 1 0
eregen.dev/admin-api/internal/store/sqlite_person_medication.go:434.26,435.85 1 0
eregen.dev/admin-api/internal/store/sqlite_person_medication.go:435.85,437.5 1 0
eregen.dev/admin-api/internal/store/sqlite_person_medication.go:439.3,439.25 1 0
eregen.dev/admin-api/internal/store/sqlite_person_medication.go:439.25,440.84 1 0
eregen.dev/admin-api/internal/store/sqlite_person_medication.go:440.84,442.5 1 0
eregen.dev/admin-api/internal/store/sqlite_person_medication.go:444.3,444.31 1 0
eregen.dev/admin-api/internal/store/sqlite_person_medication.go:446.2,446.28 1 0
eregen.dev/admin-api/internal/store/sqlite_person_medication.go:449.143,467.26 9 0
eregen.dev/admin-api/internal/store/sqlite_person_medication.go:467.26,469.3 1 0
eregen.dev/admin-api/internal/store/sqlite_person_medication.go:470.2,470.16 1 0
eregen.dev/admin-api/internal/store/sqlite_person_medication.go:470.16,472.3 1 0
eregen.dev/admin-api/internal/store/sqlite_person_medication.go:473.2,482.25 10 0
eregen.dev/admin-api/internal/store/sqlite_person_medication.go:482.25,485.3 2 0
eregen.dev/admin-api/internal/store/sqlite_person_medication.go:486.2,486.17 1 0
eregen.dev/admin-api/internal/store/sqlite_person_medication.go:489.103,510.2 3 0
eregen.dev/admin-api/internal/store/sqlite_person_medication.go:514.98,526.2 5 0
eregen.dev/admin-api/internal/store/sqlite_person_medication.go:528.143,533.17 3 0
eregen.dev/admin-api/internal/store/sqlite_person_medication.go:533.17,535.3 1 0
eregen.dev/admin-api/internal/store/sqlite_person_medication.go:536.2,539.16 3 0
eregen.dev/admin-api/internal/store/sqlite_person_medication.go:539.16,541.3 1 0
eregen.dev/admin-api/internal/store/sqlite_person_medication.go:542.2,545.18 3 0
eregen.dev/admin-api/internal/store/sqlite_person_medication.go:545.18,549.69 2 0
eregen.dev/admin-api/internal/store/sqlite_person_medication.go:549.69,551.4 1 0
eregen.dev/admin-api/internal/store/sqlite_person_medication.go:552.3,552.27 1 0
eregen.dev/admin-api/internal/store/sqlite_person_medication.go:554.2,554.26 1 0
eregen.dev/admin-api/internal/store/sqlite_person_medication.go:557.173,559.16 2 0
eregen.dev/admin-api/internal/store/sqlite_person_medication.go:559.16,561.3 1 0
eregen.dev/admin-api/internal/store/sqlite_person_medication.go:564.2,565.26 2 0
eregen.dev/admin-api/internal/store/sqlite_person_medication.go:565.26,570.3 1 0
eregen.dev/admin-api/internal/store/sqlite_person_medication.go:571.2,571.21 1 0
eregen.dev/admin-api/internal/store/sqlite_person_medication.go:574.106,584.2 4 0
eregen.dev/admin-api/internal/store/sqlite_person_medication.go:586.162,592.16 2 0
eregen.dev/admin-api/internal/store/sqlite_person_medication.go:592.16,594.3 1 0
eregen.dev/admin-api/internal/store/sqlite_person_medication.go:595.2,598.18 3 0
eregen.dev/admin-api/internal/store/sqlite_person_medication.go:598.18,602.95 3 0
eregen.dev/admin-api/internal/store/sqlite_person_medication.go:602.95,604.4 1 0
eregen.dev/admin-api/internal/store/sqlite_person_medication.go:605.3,606.37 2 0
eregen.dev/admin-api/internal/store/sqlite_person_medication.go:608.2,608.31 1 0
eregen.dev/admin-api/internal/store/sqlite_person_medication.go:613.102,622.2 4 0
eregen.dev/admin-api/internal/store/sqlite_person_medication.go:624.129,628.16 2 0
eregen.dev/admin-api/internal/store/sqlite_person_medication.go:628.16,630.3 1 0
eregen.dev/admin-api/internal/store/sqlite_person_medication.go:631.2,634.18 3 0
eregen.dev/admin-api/internal/store/sqlite_person_medication.go:634.18,637.62 2 0
eregen.dev/admin-api/internal/store/sqlite_person_medication.go:637.62,639.4 1 0
eregen.dev/admin-api/internal/store/sqlite_person_medication.go:640.3,640.35 1 0
eregen.dev/admin-api/internal/store/sqlite_person_medication.go:642.2,642.30 1 0
eregen.dev/admin-api/internal/store/sqlite_person_medication.go:645.86,649.20 4 0
eregen.dev/admin-api/internal/store/sqlite_person_medication.go:649.20,651.3 1 0
eregen.dev/admin-api/internal/store/sqlite_person_medication.go:654.2,686.12 6 0
eregen.dev/admin-api/internal/store/sqlite_person_medication.go:689.141,695.16 2 0
eregen.dev/admin-api/internal/store/sqlite_person_medication.go:695.16,697.3 1 0
eregen.dev/admin-api/internal/store/sqlite_person_medication.go:698.2,701.18 3 0
eregen.dev/admin-api/internal/store/sqlite_person_medication.go:701.18,705.96 3 0
eregen.dev/admin-api/internal/store/sqlite_person_medication.go:705.96,707.4 1 0
eregen.dev/admin-api/internal/store/sqlite_person_medication.go:708.3,711.31 4 0
eregen.dev/admin-api/internal/store/sqlite_person_medication.go:713.2,713.28 1 0
eregen.dev/admin-api/internal/store/sqlite_person_medication.go:718.96,729.2 5 0
eregen.dev/admin-api/internal/store/sqlite_person_medication.go:731.123,736.16 2 0
eregen.dev/admin-api/internal/store/sqlite_person_medication.go:736.16,738.3 1 0
eregen.dev/admin-api/internal/store/sqlite_person_medication.go:739.2,742.18 3 0
eregen.dev/admin-api/internal/store/sqlite_person_medication.go:742.18,746.44 2 0
eregen.dev/admin-api/internal/store/sqlite_person_medication.go:746.44,748.4 1 0
eregen.dev/admin-api/internal/store/sqlite_person_medication.go:749.3,749.27 1 0
eregen.dev/admin-api/internal/store/sqlite_person_medication.go:751.2,751.26 1 0
eregen.dev/admin-api/internal/store/sqlite_person_medication.go:754.129,765.18 2 0
eregen.dev/admin-api/internal/store/sqlite_person_medication.go:766.15,773.34 3 0
eregen.dev/admin-api/internal/store/sqlite_person_medication.go:773.34,776.4 2 0
eregen.dev/admin-api/internal/store/sqlite_person_medication.go:778.15,783.40 3 0
eregen.dev/admin-api/internal/store/sqlite_person_medication.go:783.40,786.4 2 0
eregen.dev/admin-api/internal/store/sqlite_person_medication.go:788.15,795.36 3 0
eregen.dev/admin-api/internal/store/sqlite_person_medication.go:795.36,798.4 2 0
eregen.dev/admin-api/internal/store/sqlite_person_medication.go:801.2,806.19 2 0
eregen.dev/admin-api/internal/store/sqlite_person_medication.go:809.126,815.16 2 0
eregen.dev/admin-api/internal/store/sqlite_person_medication.go:815.16,817.3 1 0
eregen.dev/admin-api/internal/store/sqlite_person_medication.go:818.2,821.18 3 0
eregen.dev/admin-api/internal/store/sqlite_person_medication.go:821.18,826.46 3 0
eregen.dev/admin-api/internal/store/sqlite_person_medication.go:826.46,828.4 1 0
eregen.dev/admin-api/internal/store/sqlite_person_medication.go:829.3,829.26 1 0
eregen.dev/admin-api/internal/store/sqlite_person_medication.go:829.26,832.4 2 0
eregen.dev/admin-api/internal/store/sqlite_person_medication.go:833.3,833.29 1 0
eregen.dev/admin-api/internal/store/sqlite_person_medication.go:835.2,835.27 1 0
eregen.dev/admin-api/internal/store/sqlite_person_medication.go:838.126,844.2 2 0
eregen.dev/admin-api/internal/store/sqlite_person_medication.go:848.91,859.2 5 0
eregen.dev/admin-api/internal/store/sqlite_person_medication.go:861.138,866.17 3 0
eregen.dev/admin-api/internal/store/sqlite_person_medication.go:866.17,869.3 2 0
eregen.dev/admin-api/internal/store/sqlite_person_medication.go:870.2,873.16 3 0
eregen.dev/admin-api/internal/store/sqlite_person_medication.go:873.16,875.3 1 0
eregen.dev/admin-api/internal/store/sqlite_person_medication.go:876.2,879.18 3 0
eregen.dev/admin-api/internal/store/sqlite_person_medication.go:879.18,884.60 4 0
eregen.dev/admin-api/internal/store/sqlite_person_medication.go:884.60,886.4 1 0
eregen.dev/admin-api/internal/store/sqlite_person_medication.go:887.3,887.23 1 0
eregen.dev/admin-api/internal/store/sqlite_person_medication.go:887.23,890.4 2 0
eregen.dev/admin-api/internal/store/sqlite_person_medication.go:891.3,892.74 2 0
eregen.dev/admin-api/internal/store/sqlite_person_medication.go:892.74,894.4 1 0
eregen.dev/admin-api/internal/store/sqlite_person_medication.go:895.3,895.33 1 0
eregen.dev/admin-api/internal/store/sqlite_person_medication.go:897.2,897.29 1 0
eregen.dev/admin-api/internal/store/sqlite_person_medication.go:900.112,908.16 2 0
eregen.dev/admin-api/internal/store/sqlite_person_medication.go:908.16,910.3 1 0
eregen.dev/admin-api/internal/store/sqlite_person_medication.go:911.2,914.18 3 0
eregen.dev/admin-api/internal/store/sqlite_person_medication.go:914.18,917.46 2 0
eregen.dev/admin-api/internal/store/sqlite_person_medication.go:917.46,919.4 1 0
eregen.dev/admin-api/internal/store/sqlite_person_medication.go:920.3,920.31 1 0
eregen.dev/admin-api/internal/store/sqlite_person_medication.go:922.2,922.28 1 0
eregen.dev/admin-api/internal/store/sqlite_person_medication.go:927.108,936.2 4 0
eregen.dev/admin-api/internal/store/sqlite_person_medication.go:938.135,942.16 2 0
eregen.dev/admin-api/internal/store/sqlite_person_medication.go:942.16,944.3 1 0
eregen.dev/admin-api/internal/store/sqlite_person_medication.go:945.2,948.18 3 0
eregen.dev/admin-api/internal/store/sqlite_person_medication.go:948.18,952.60 3 0
eregen.dev/admin-api/internal/store/sqlite_person_medication.go:952.60,954.4 1 0
eregen.dev/admin-api/internal/store/sqlite_person_medication.go:955.3,956.35 2 0
eregen.dev/admin-api/internal/store/sqlite_person_medication.go:958.2,958.30 1 0
eregen.dev/admin-api/internal/store/sqlite_person_medication.go:961.98,971.2 4 0
eregen.dev/admin-api/internal/store/sqlite_person_medication.go:973.131,976.19 3 0
eregen.dev/admin-api/internal/store/sqlite_person_medication.go:976.19,979.3 2 0
eregen.dev/admin-api/internal/store/sqlite_person_medication.go:980.2,980.19 1 0
eregen.dev/admin-api/internal/store/sqlite_person_medication.go:980.19,983.3 2 0
eregen.dev/admin-api/internal/store/sqlite_person_medication.go:984.2,987.12 3 0
eregen.dev/admin-api/internal/store/sqlite_person_medication.go:990.153,996.16 2 0
eregen.dev/admin-api/internal/store/sqlite_person_medication.go:996.16,998.3 1 0
eregen.dev/admin-api/internal/store/sqlite_person_medication.go:999.2,1002.18 3 0
eregen.dev/admin-api/internal/store/sqlite_person_medication.go:1002.18,1006.106 3 0
eregen.dev/admin-api/internal/store/sqlite_person_medication.go:1006.106,1008.4 1 0
eregen.dev/admin-api/internal/store/sqlite_person_medication.go:1009.3,1009.20 1 0
eregen.dev/admin-api/internal/store/sqlite_person_medication.go:1009.20,1012.4 2 0
eregen.dev/admin-api/internal/store/sqlite_person_medication.go:1013.3,1013.20 1 0
eregen.dev/admin-api/internal/store/sqlite_person_medication.go:1013.20,1016.4 2 0
eregen.dev/admin-api/internal/store/sqlite_person_medication.go:1017.3,1017.25 1 0
eregen.dev/admin-api/internal/store/sqlite_person_medication.go:1019.2,1019.25 1 0
eregen.dev/admin-api/internal/store/sqlite_settings.go:14.92,17.40 3 0
eregen.dev/admin-api/internal/store/sqlite_settings.go:17.40,19.3 1 0
eregen.dev/admin-api/internal/store/sqlite_settings.go:20.2,21.17 2 0
eregen.dev/admin-api/internal/store/sqlite_settings.go:21.17,23.3 1 0
eregen.dev/admin-api/internal/store/sqlite_settings.go:24.2,24.19 1 0
eregen.dev/admin-api/internal/store/sqlite_settings.go:24.19,26.3 1 0
eregen.dev/admin-api/internal/store/sqlite_settings.go:27.2,27.20 1 0
eregen.dev/admin-api/internal/store/sqlite_settings.go:31.98,37.2 3 0
eregen.dev/admin-api/internal/store/sqlite_settings.go:40.87,44.16 2 0
eregen.dev/admin-api/internal/store/sqlite_settings.go:44.16,46.3 1 0
eregen.dev/admin-api/internal/store/sqlite_settings.go:47.2,50.18 3 0
eregen.dev/admin-api/internal/store/sqlite_settings.go:50.18,53.106 3 0
eregen.dev/admin-api/internal/store/sqlite_settings.go:53.106,55.4 1 0
eregen.dev/admin-api/internal/store/sqlite_settings.go:56.3,58.29 3 0
eregen.dev/admin-api/internal/store/sqlite_settings.go:60.2,60.27 1 0
eregen.dev/admin-api/internal/store/sqlite_settings.go:64.117,70.2 3 0
eregen.dev/admin-api/internal/store/sqlite_settings.go:73.74,76.2 2 0
eregen.dev/admin-api/internal/store/sqlite_settings.go:79.91,82.2 2 0
eregen.dev/admin-api/internal/store/sqlite_user.go:12.116,18.16 4 1
eregen.dev/admin-api/internal/store/sqlite_user.go:18.16,22.3 3 1
eregen.dev/admin-api/internal/store/sqlite_user.go:23.2,27.16 4 1
eregen.dev/admin-api/internal/store/sqlite_user.go:27.16,29.3 1 0
eregen.dev/admin-api/internal/store/sqlite_user.go:30.2,33.18 3 1
eregen.dev/admin-api/internal/store/sqlite_user.go:33.18,36.87 3 1
eregen.dev/admin-api/internal/store/sqlite_user.go:36.87,38.4 1 0
eregen.dev/admin-api/internal/store/sqlite_user.go:39.3,40.27 2 1
eregen.dev/admin-api/internal/store/sqlite_user.go:42.2,42.26 1 1
eregen.dev/admin-api/internal/store/sqlite_user.go:46.83,49.2 2 1
eregen.dev/admin-api/internal/store/sqlite_user.go:52.114,54.16 2 1
eregen.dev/admin-api/internal/store/sqlite_user.go:54.16,56.3 1 0
eregen.dev/admin-api/internal/store/sqlite_user.go:57.2,61.16 3 1
eregen.dev/admin-api/internal/store/sqlite_user.go:65.98,70.2 2 1
eregen.dev/admin-api/internal/store/sqlite_user.go:73.72,76.2 2 1
eregen.dev/admin-api/internal/store/sqlite_user.go:79.125,82.16 3 1
eregen.dev/admin-api/internal/store/sqlite_user.go:83.15,87.17 2 1
eregen.dev/admin-api/internal/store/sqlite_user.go:87.17,89.4 1 1
eregen.dev/admin-api/internal/store/sqlite_user.go:90.3,90.42 1 1
eregen.dev/admin-api/internal/store/sqlite_user.go:90.42,92.4 1 1
eregen.dev/admin-api/internal/store/sqlite_user.go:93.15,97.17 2 0
eregen.dev/admin-api/internal/store/sqlite_user.go:97.17,99.4 1 0
eregen.dev/admin-api/internal/store/sqlite_user.go:100.3,100.42 1 0
eregen.dev/admin-api/internal/store/sqlite_user.go:100.42,102.4 1 0
eregen.dev/admin-api/internal/store/sqlite_user.go:103.10,104.43 1 0
eregen.dev/admin-api/internal/store/sqlite_user.go:106.2,106.16 1 1
eregen.dev/admin-api/internal/store/sqlite_wristband.go:15.99,24.2 5 0
eregen.dev/admin-api/internal/store/sqlite_wristband.go:27.92,31.16 2 0
eregen.dev/admin-api/internal/store/sqlite_wristband.go:31.16,33.3 1 0
eregen.dev/admin-api/internal/store/sqlite_wristband.go:34.2,36.12 2 0
eregen.dev/admin-api/internal/store/sqlite_wristband.go:40.84,43.16 2 0
eregen.dev/admin-api/internal/store/sqlite_wristband.go:43.16,45.3 1 0
eregen.dev/admin-api/internal/store/sqlite_wristband.go:47.2,49.12 2 0
eregen.dev/admin-api/internal/store/sqlite_wristband.go:53.82,57.2 2 0
eregen.dev/admin-api/internal/store/sqlite_wristband.go:60.134,65.18 4 0
eregen.dev/admin-api/internal/store/sqlite_wristband.go:65.18,69.3 3 0
eregen.dev/admin-api/internal/store/sqlite_wristband.go:70.2,74.16 4 0
eregen.dev/admin-api/internal/store/sqlite_wristband.go:74.16,76.3 1 0
eregen.dev/admin-api/internal/store/sqlite_wristband.go:77.2,80.18 3 0
eregen.dev/admin-api/internal/store/sqlite_wristband.go:80.18,83.135 3 0
eregen.dev/admin-api/internal/store/sqlite_wristband.go:83.135,85.4 1 0
eregen.dev/admin-api/internal/store/sqlite_wristband.go:86.3,88.31 3 0
eregen.dev/admin-api/internal/store/sqlite_wristband.go:90.2,90.28 1 0
eregen.dev/admin-api/internal/store/sqlite_wristband.go:94.98,97.16 3 0
eregen.dev/admin-api/internal/store/sqlite_wristband.go:97.16,98.27 1 0
eregen.dev/admin-api/internal/store/sqlite_wristband.go:98.27,100.4 1 0
eregen.dev/admin-api/internal/store/sqlite_wristband.go:101.3,101.17 1 0
eregen.dev/admin-api/internal/store/sqlite_wristband.go:103.2,103.16 1 0
eregen.dev/admin-api/internal/store/sqlite_wristband.go:107.90,113.2 2 0
